text,label
PEI non aggiornato [SEP] La scuola non ha previsto attività di sensibilizzazione sulla disabilità.,Istruzione/formazione/inclusione scolastica
Esclusione attività scolastiche [SEP] È richiesto un corso di formazione per i docenti sull'autismo.,Istruzione/formazione/inclusione scolastica
PEI non aggiornato [SEP] L'assistente educativo non è presente durante le ore pomeridiane.,Istruzione/formazione/inclusione scolastica
PEI non aggiornato [SEP] Il bambino è stato inserito in una classe senza il necessario supporto.,Istruzione/formazione/inclusione scolastica
Esclusione attività scolastiche [SEP] La scuola non ha previsto attività di sensibilizzazione sulla disabilità.,Istruzione/formazione/inclusione scolastica
Esclusione attività scolastiche [SEP] Il bambino non può accedere all'aula al piano superiore per assenza di ascensore.,Istruzione/formazione/inclusione scolastica
PEI non aggiornato [SEP] Il ragazzo con DSA non ha ricevuto gli strumenti compensativi previsti.,Istruzione/formazione/inclusione scolastica
PEI non aggiornato [SEP] La famiglia chiede chiarimenti sul diritto all'insegnante di sostegno per tutte le ore.,Istruzione/formazione/inclusione scolastica
Mancato sostegno scolastico [SEP] La scuola non dispone di materiali didattici in formato accessibile.,Istruzione/formazione/inclusione scolastica
Mancato sostegno scolastico [SEP] La scuola non ha partecipato all'incontro con i servizi sociali.,Istruzione/formazione/inclusione scolastica
Mancato sostegno scolastico [SEP] Non sono stati garantiti i tempi aggiuntivi durante le verifiche scritte.,Istruzione/formazione/inclusione scolastica
Mancato sostegno scolastico [SEP] La scuola non ha attivato misure dispensative per l'alunno con dislessia.,Istruzione/formazione/inclusione scolastica
Esclusione attività scolastiche [SEP] Il docente di sostegno è stato assegnato solo a metà anno scolastico.,Istruzione/formazione/inclusione scolastica
Mancato sostegno scolastico [SEP] È richiesto un corso di formazione per i docenti sull'autismo.,Istruzione/formazione/inclusione scolastica
Mancato sostegno scolastico [SEP] La famiglia chiede chiarimenti sul diritto all'insegnante di sostegno per tutte le ore.,Istruzione/formazione/inclusione scolastica
Esclusione attività scolastiche [SEP] Non è stata garantita la continuità dell'insegnante di sostegno nel passaggio di classe.,Istruzione/formazione/inclusione scolastica
PEI non aggiornato [SEP] Il docente di sostegno è stato assegnato solo a metà anno scolastico.,Istruzione/formazione/inclusione scolastica
Esclusione attività scolastiche [SEP] Non è stata attivata la figura dello specialista di comunicazione aumentativa alternativa.,Istruzione/formazione/inclusione scolastica
Mancato sostegno scolastico [SEP] Sono stati segnalati episodi di esclusione durante le attività di gruppo in classe.,Istruzione/formazione/inclusione scolastica
Esclusione attività scolastiche [SEP] La scuola non ha predisposto un piano di emergenza per alunni con disabilità motorie.,Istruzione/formazione/inclusione scolastica
PEI non aggiornato [SEP] Il docente di sostegno non ha ricevuto formazione specifica per la disabilità dell'alunno.,Istruzione/formazione/inclusione scolastica
PEI non aggiornato [SEP] Non è stato predisposto un percorso di tirocinio formativo per lo studente.,Istruzione/formazione/inclusione scolastica
PEI non aggiornato [SEP] Il bambino non ha ancora ricevuto la diagnosi funzionale aggiornata.,Istruzione/formazione/inclusione scolastica
Esclusione attività scolastiche [SEP] È richiesto un corso di formazione per i docenti sull'autismo.,Istruzione/formazione/inclusione scolastica
Esclusione attività scolastiche [SEP] Non è stata convocata la riunione del GLHO per la revisione del PEI.,Istruzione/formazione/inclusione scolastica
Esclusione attività scolastiche [SEP] È richiesto un incontro urgente con la dirigenza scolastica per discutere l'inclusione.,Istruzione/formazione/inclusione scolastica
Mancato sostegno scolastico [SEP] È richiesto un incontro urgente con la dirigenza scolastica per discutere l'inclusione.,Istruzione/formazione/inclusione scolastica
PEI non aggiornato [SEP] La famiglia non è stata coinvolta nella stesura del Piano Didattico Personalizzato.,Istruzione/formazione/inclusione scolastica
Mancato sostegno scolastico [SEP] Il docente di sostegno è stato assegnato solo a metà anno scolastico.,Istruzione/formazione/inclusione scolastica
PEI non aggiornato [SEP] Non è stato predisposto il materiale adattato per lo studente ipovedente.,Istruzione/formazione/inclusione scolastica
Mancato sostegno scolastico [SEP] Il piano personalizzato non viene rispettato nella pratica quotidiana.,Istruzione/formazione/inclusione scolastica
Esclusione attività scolastiche [SEP] Il percorso formativo post-diploma non è stato pianificato dall'istituto.,Istruzione/formazione/inclusione scolastica
Esclusione attività scolastiche [SEP] È stato segnalato un ritardo nell'attivazione del servizio di trasporto scolastico.,Istruzione/formazione/inclusione scolastica
PEI non aggiornato [SEP] Il ragazzo con DSA non ha ricevuto gli strumenti compensativi previsti.,Istruzione/formazione/inclusione scolastica
Mancato sostegno scolastico [SEP] La famiglia chiede chiarimenti sul diritto all'insegnante di sostegno per tutte le ore.,Istruzione/formazione/inclusione scolastica
Esclusione attività scolastiche [SEP] Non è stato predisposto un percorso di tirocinio formativo per lo studente.,Istruzione/formazione/inclusione scolastica
Mancato sostegno scolastico [SEP] Il percorso formativo post-diploma non è stato pianificato dall'istituto.,Istruzione/formazione/inclusione scolastica
Esclusione attività scolastiche [SEP] Il servizio di supporto psicologico non è attivo nella scuola.,Istruzione/formazione/inclusione scolastica
Mancato sostegno scolastico [SEP] La scuola non ha previsto attività di sensibilizzazione sulla disabilità.,Istruzione/formazione/inclusione scolastica
PEI non aggiornato [SEP] La scuola non dispone di materiali didattici in formato accessibile.,Istruzione/formazione/inclusione scolastica
PEI non aggiornato [SEP] Mio figlio con disabilità non ha ricevuto il supporto dell'insegnante di sostegno.,Istruzione/formazione/inclusione scolastica
Esclusione attività scolastiche [SEP] Non sono stati attivati percorsi di alternanza scuola-lavoro adatti alla disabilità.,Istruzione/formazione/inclusione scolastica
PEI non aggiornato [SEP] Non è stata comunicata alla famiglia la composizione del gruppo di lavoro inclusivo.,Istruzione/formazione/inclusione scolastica
PEI non aggiornato [SEP] La famiglia chiede chiarimenti sul diritto all'insegnante di sostegno per tutte le ore.,Istruzione/formazione/inclusione scolastica
Esclusione attività scolastiche [SEP] La famiglia non è stata coinvolta nella stesura del Piano Didattico Personalizzato.,Istruzione/formazione/inclusione scolastica
Esclusione attività scolastiche [SEP] Il ragazzo con DSA non ha ricevuto gli strumenti compensativi previsti.,Istruzione/formazione/inclusione scolastica
PEI non aggiornato [SEP] L'insegnante curriculare non collabora con il docente di sostegno.,Istruzione/formazione/inclusione scolastica
Mancato sostegno scolastico [SEP] Non sono stati attivati percorsi di alternanza scuola-lavoro adatti alla disabilità.,Istruzione/formazione/inclusione scolastica
Mancato sostegno scolastico [SEP] Non è stata convocata la riunione del GLHO per la revisione del PEI.,Istruzione/formazione/inclusione scolastica
PEI non aggiornato [SEP] La famiglia lamenta la mancata comunicazione sulle assenze del docente di sostegno.,Istruzione/formazione/inclusione scolastica
Esclusione attività scolastiche [SEP] La scuola non ha comunicato le modalità di valutazione personalizzata.,Istruzione/formazione/inclusione scolastica
Esclusione attività scolastiche [SEP] Non è stata garantita la continuità dell'insegnante di sostegno nel passaggio di classe.,Istruzione/formazione/inclusione scolastica
PEI non aggiornato [SEP] Non risulta attivo nessun sportello di ascolto nella scuola frequentata.,Istruzione/formazione/inclusione scolastica
PEI non aggiornato [SEP] La scuola non dispone di un piano di accessibilità degli spazi educativi.,Istruzione/formazione/inclusione scolastica
PEI non aggiornato [SEP] La famiglia lamenta che il figlio viene escluso dalle attività extrascolastiche.,Istruzione/formazione/inclusione scolastica
PEI non aggiornato [SEP] È richiesto un incontro urgente con la dirigenza scolastica per discutere l'inclusione.,Istruzione/formazione/inclusione scolastica
Mancato sostegno scolastico [SEP] La famiglia non è stata coinvolta nella stesura del Piano Didattico Personalizzato.,Istruzione/formazione/inclusione scolastica
Mancato sostegno scolastico [SEP] Non sono stati attivati percorsi di alternanza scuola-lavoro adatti alla disabilità.,Istruzione/formazione/inclusione scolastica
PEI non aggiornato [SEP] Il servizio di supporto psicologico non è attivo nella scuola.,Istruzione/formazione/inclusione scolastica
Esclusione attività scolastiche [SEP] La scuola non ha predisposto il Piano Educativo Individualizzato.,Istruzione/formazione/inclusione scolastica
Esclusione attività scolastiche [SEP] Il ragazzo viene escluso dalle gite scolastiche per mancanza di assistenza.,Istruzione/formazione/inclusione scolastica
Mancato sostegno scolastico [SEP] La famiglia chiede informazioni sui percorsi di inclusione scolastica disponibili.,Istruzione/formazione/inclusione scolastica
Mancato sostegno scolastico [SEP] Il PEI non è stato aggiornato dopo la nuova valutazione della commissione medica.,Istruzione/formazione/inclusione scolastica
Esclusione attività scolastiche [SEP] Il progetto di orientamento post-scuola non è stato presentato alla famiglia.,Istruzione/formazione/inclusione scolastica
Mancato sostegno scolastico [SEP] L'insegnante curriculare non collabora con il docente di sostegno.,Istruzione/formazione/inclusione scolastica
PEI non aggiornato [SEP] Il ragazzo con DSA non ha ricevuto gli strumenti compensativi previsti.,Istruzione/formazione/inclusione scolastica
PEI non aggiornato [SEP] La scuola non ha comunicato le modalità di valutazione personalizzata.,Istruzione/formazione/inclusione scolastica
Mancato sostegno scolastico [SEP] Il piano personalizzato non viene rispettato nella pratica quotidiana.,Istruzione/formazione/inclusione scolastica
Esclusione attività scolastiche [SEP] Non sono stati coinvolti i genitori nella scelta degli strumenti compensativi.,Istruzione/formazione/inclusione scolastica
PEI non aggiornato [SEP] Non sono stati attivati percorsi di alternanza scuola-lavoro adatti alla disabilità.,Istruzione/formazione/inclusione scolastica
PEI non aggiornato [SEP] La scuola non ha attivato misure dispensative per l'alunno con dislessia.,Istruzione/formazione/inclusione scolastica
Esclusione attività scolastiche [SEP] Non è stata attivata la figura dello specialista di comunicazione aumentativa alternativa.,Istruzione/formazione/inclusione scolastica
Esclusione attività scolastiche [SEP] Non sono stati attivati percorsi di alternanza scuola-lavoro adatti alla disabilità.,Istruzione/formazione/inclusione scolastica
PEI non aggiornato [SEP] È richiesta una valutazione neuropsicologica che la scuola non ha ancora avviato.,Istruzione/formazione/inclusione scolastica
Esclusione attività scolastiche [SEP] L'assistente educativo non è presente durante le ore pomeridiane.,Istruzione/formazione/inclusione scolastica
Mancato sostegno scolastico [SEP] Mio figlio con disabilità non ha ricevuto il supporto dell'insegnante di sostegno.,Istruzione/formazione/inclusione scolastica
Mancato sostegno scolastico [SEP] Mio figlio con disabilità non ha ricevuto il supporto dell'insegnante di sostegno.,Istruzione/formazione/inclusione scolastica
Esclusione attività scolastiche [SEP] Non sono stati garantiti gli ausili tecnologici previsti nel PEI.,Istruzione/formazione/inclusione scolastica
PEI non aggiornato [SEP] Il minore con disabilità uditiva non ha accesso all'interprete LIS.,Istruzione/formazione/inclusione scolastica
Mancato sostegno scolastico [SEP] Non è stata garantita la continuità dell'insegnante di sostegno nel passaggio di classe.,Istruzione/formazione/inclusione scolastica
Mancato sostegno scolastico [SEP] L'assistente educativo non è presente durante le ore pomeridiane.,Istruzione/formazione/inclusione scolastica
Mancato sostegno scolastico [SEP] Non risulta attivo nessun sportello di ascolto nella scuola frequentata.,Istruzione/formazione/inclusione scolastica
PEI non aggiornato [SEP] La famiglia non è stata coinvolta nella stesura del Piano Didattico Personalizzato.,Istruzione/formazione/inclusione scolastica
Esclusione attività scolastiche [SEP] Il ragazzo viene escluso dalle gite scolastiche per mancanza di assistenza.,Istruzione/formazione/inclusione scolastica
Mancato sostegno scolastico [SEP] Non è stato predisposto il materiale adattato per lo studente ipovedente.,Istruzione/formazione/inclusione scolastica
Esclusione attività scolastiche [SEP] La famiglia chiede supporto per avviare la procedura di certificazione scolastica.,Istruzione/formazione/inclusione scolastica
Esclusione attività scolastiche [SEP] Non sono stati coinvolti i genitori nella scelta degli strumenti compensativi.,Istruzione/formazione/inclusione scolastica
PEI non aggiornato [SEP] Il ragazzo viene spesso allontanato dalla classe senza motivazione valida.,Istruzione/formazione/inclusione scolastica
PEI non aggiornato [SEP] Le attività di inclusione non sono state documentate nel fascicolo personale.,Istruzione/formazione/inclusione scolastica
Mancato sostegno scolastico [SEP] Il bambino riceve meno ore di sostegno rispetto a quanto previsto dalla certificazione.,Istruzione/formazione/inclusione scolastica
Esclusione attività scolastiche [SEP] Il servizio di integrazione scolastica non è coordinato con i servizi territoriali.,Istruzione/formazione/inclusione scolastica
Esclusione attività scolastiche [SEP] Non risulta attivo nessun sportello di ascolto nella scuola frequentata.,Istruzione/formazione/inclusione scolastica
Esclusione attività scolastiche [SEP] Il minore ha difficoltà di apprendimento non ancora certificate dalla scuola.,Istruzione/formazione/inclusione scolastica
PEI non aggiornato [SEP] Il percorso formativo post-diploma non è stato pianificato dall'istituto.,Istruzione/formazione/inclusione scolastica
Esclusione attività scolastiche [SEP] Le attività di inclusione non sono state documentate nel fascicolo personale.,Istruzione/formazione/inclusione scolastica
Mancato sostegno scolastico [SEP] Non sono stati garantiti gli ausili tecnologici previsti nel PEI.,Istruzione/formazione/inclusione scolastica
Mancato sostegno scolastico [SEP] La scuola non dispone di un piano di accessibilità degli spazi educativi.,Istruzione/formazione/inclusione scolastica
Esclusione attività scolastiche [SEP] La scuola non ha predisposto un piano di emergenza per alunni con disabilità motorie.,Istruzione/formazione/inclusione scolastica
PEI non aggiornato [SEP] Non è stata comunicata alla famiglia la composizione del gruppo di lavoro inclusivo.,Istruzione/formazione/inclusione scolastica
PEI non aggiornato [SEP] L'insegnante curriculare non collabora con il docente di sostegno.,Istruzione/formazione/inclusione scolastica
Mancato sostegno scolastico [SEP] Le attività di inclusione non sono state documentate nel fascicolo personale.,Istruzione/formazione/inclusione scolastica
Esclusione attività scolastiche [SEP] Non sono stati garantiti i tempi aggiuntivi durante le verifiche scritte.,Istruzione/formazione/inclusione scolastica
Esclusione attività scolastiche [SEP] La famiglia chiede informazioni sui percorsi di inclusione scolastica disponibili.,Istruzione/formazione/inclusione scolastica
Mancato sostegno scolastico [SEP] Il minore ha difficoltà di apprendimento non ancora certificate dalla scuola.,Istruzione/formazione/inclusione scolastica
Mancato sostegno scolastico [SEP] Il passaggio tra ordini scolastici non è stato gestito in continuità.,Istruzione/formazione/inclusione scolastica
Esclusione attività scolastiche [SEP] La famiglia chiede supporto per avviare la procedura di certificazione scolastica.,Istruzione/formazione/inclusione scolastica
Esclusione attività scolastiche [SEP] La famiglia non è stata coinvolta nella stesura del Piano Didattico Personalizzato.,Istruzione/formazione/inclusione scolastica
Mancato sostegno scolastico [SEP] Non è stato predisposto il materiale adattato per lo studente ipovedente.,Istruzione/formazione/inclusione scolastica
PEI non aggiornato [SEP] È richiesto un corso di formazione per i docenti sull'autismo.,Istruzione/formazione/inclusione scolastica
Mancato sostegno scolastico [SEP] Non è stata attivata la figura dello specialista di comunicazione aumentativa alternativa.,Istruzione/formazione/inclusione scolastica
Mancato sostegno scolastico [SEP] Il docente di sostegno è stato assegnato solo a metà anno scolastico.,Istruzione/formazione/inclusione scolastica
Esclusione attività scolastiche [SEP] La scuola non ha risposto alla richiesta di attivazione del PDP nei tempi previsti.,Istruzione/formazione/inclusione scolastica
Esclusione attività scolastiche [SEP] Non è stata convocata la riunione del GLHO per la revisione del PEI.,Istruzione/formazione/inclusione scolastica
Esclusione attività scolastiche [SEP] Non sono stati garantiti i tempi aggiuntivi durante le verifiche scritte.,Istruzione/formazione/inclusione scolastica
Esclusione attività scolastiche [SEP] Il progetto di orientamento post-scuola non è stato presentato alla famiglia.,Istruzione/formazione/inclusione scolastica
Esclusione attività scolastiche [SEP] Il ragazzo viene escluso dalle gite scolastiche per mancanza di assistenza.,Istruzione/formazione/inclusione scolastica
Mancato sostegno scolastico [SEP] Il bambino riceve meno ore di sostegno rispetto a quanto previsto dalla certificazione.,Istruzione/formazione/inclusione scolastica
Mancato sostegno scolastico [SEP] Il passaggio tra ordini scolastici non è stato gestito in continuità.,Istruzione/formazione/inclusione scolastica
Esclusione attività scolastiche [SEP] La famiglia non è stata coinvolta nella stesura del Piano Didattico Personalizzato.,Istruzione/formazione/inclusione scolastica
PEI non aggiornato [SEP] La scuola non ha previsto attività di sensibilizzazione sulla disabilità.,Istruzione/formazione/inclusione scolastica
Mancato sostegno scolastico [SEP] È richiesta una valutazione neuropsicologica che la scuola non ha ancora avviato.,Istruzione/formazione/inclusione scolastica
PEI non aggiornato [SEP] Il minore non ha accesso ai laboratori informatici per mancanza di postazioni adattate.,Istruzione/formazione/inclusione scolastica
Mancato sostegno scolastico [SEP] Il PEI non è stato aggiornato dopo la nuova valutazione della commissione medica.,Istruzione/formazione/inclusione scolastica
PEI non aggiornato [SEP] La famiglia chiede supporto per avviare la procedura di certificazione scolastica.,Istruzione/formazione/inclusione scolastica
Esclusione attività scolastiche [SEP] Il ragazzo viene spesso allontanato dalla classe senza motivazione valida.,Istruzione/formazione/inclusione scolastica
Esclusione attività scolastiche [SEP] Il minore ha difficoltà di apprendimento non ancora certificate dalla scuola.,Istruzione/formazione/inclusione scolastica
Mancato sostegno scolastico [SEP] Il minore con disturbo dello spettro autistico non ha ricevuto la figura dell'assistente.,Istruzione/formazione/inclusione scolastica
Esclusione attività scolastiche [SEP] Non è stato predisposto il materiale adattato per lo studente ipovedente.,Istruzione/formazione/inclusione scolastica
Mancato sostegno scolastico [SEP] Non risulta attivo nessun sportello di ascolto nella scuola frequentata.,Istruzione/formazione/inclusione scolastica
Mancato sostegno scolastico [SEP] Il minore con disabilità uditiva non ha accesso all'interprete LIS.,Istruzione/formazione/inclusione scolastica
Esclusione attività scolastiche [SEP] Non sono stati garantiti i tempi aggiuntivi durante le verifiche scritte.,Istruzione/formazione/inclusione scolastica
Mancato sostegno scolastico [SEP] Il bambino è stato inserito in una classe senza il necessario supporto.,Istruzione/formazione/inclusione scolastica
Esclusione attività scolastiche [SEP] Il docente di sostegno non ha ricevuto formazione specifica per la disabilità dell'alunno.,Istruzione/formazione/inclusione scolastica
Esclusione attività scolastiche [SEP] Il bambino non ha ancora ricevuto la diagnosi funzionale aggiornata.,Istruzione/formazione/inclusione scolastica
Mancato sostegno scolastico [SEP] Il docente di sostegno è stato assegnato solo a metà anno scolastico.,Istruzione/formazione/inclusione scolastica
PEI non aggiornato [SEP] La scuola non ha predisposto il Piano Educativo Individualizzato.,Istruzione/formazione/inclusione scolastica
PEI non aggiornato [SEP] La scuola non ha partecipato all'incontro con i servizi sociali.,Istruzione/formazione/inclusione scolastica
Mancato sostegno scolastico [SEP] La scuola non ha partecipato all'incontro con i servizi sociali.,Istruzione/formazione/inclusione scolastica
PEI non aggiornato [SEP] Non è stato predisposto il materiale adattato per lo studente ipovedente.,Istruzione/formazione/inclusione scolastica
Mancato sostegno scolastico [SEP] Non risulta redatto il verbale dell'ultimo GLHO.,Istruzione/formazione/inclusione scolastica
PEI non aggiornato [SEP] Il minore con disturbo dello spettro autistico non ha ricevuto la figura dell'assistente.,Istruzione/formazione/inclusione scolastica
Mancato sostegno scolastico [SEP] Il piano personalizzato non viene rispettato nella pratica quotidiana.,Istruzione/formazione/inclusione scolastica
Esclusione attività scolastiche [SEP] Il docente di sostegno è stato assegnato solo a metà anno scolastico.,Istruzione/formazione/inclusione scolastica
Mancato sostegno scolastico [SEP] Non sono stati garantiti i tempi aggiuntivi durante le verifiche scritte.,Istruzione/formazione/inclusione scolastica
Mancato sostegno scolastico [SEP] Il bambino non ha ancora ricevuto la diagnosi funzionale aggiornata.,Istruzione/formazione/inclusione scolastica
PEI non aggiornato [SEP] La scuola non dispone di un piano di accessibilità degli spazi educativi.,Istruzione/formazione/inclusione scolastica
Esclusione attività scolastiche [SEP] Le attività di inclusione non sono state documentate nel fascicolo personale.,Istruzione/formazione/inclusione scolastica
PEI non aggiornato [SEP] Il bambino riceve meno ore di sostegno rispetto a quanto previsto dalla certificazione.,Istruzione/formazione/inclusione scolastica
Mancato sostegno scolastico [SEP] La scuola non ha attivato misure dispensative per l'alunno con dislessia.,Istruzione/formazione/inclusione scolastica
PEI non aggiornato [SEP] Non risulta redatto il verbale dell'ultimo GLHO.,Istruzione/formazione/inclusione scolastica
Esclusione attività scolastiche [SEP] Il piano di studi personalizzato non riflette le reali capacità del bambino.,Istruzione/formazione/inclusione scolastica
Esclusione attività scolastiche [SEP] La scuola non ha predisposto un piano di emergenza per alunni con disabilità motorie.,Istruzione/formazione/inclusione scolastica
PEI non aggiornato [SEP] È richiesto un incontro urgente con la dirigenza scolastica per discutere l'inclusione.,Istruzione/formazione/inclusione scolastica
Esclusione attività scolastiche [SEP] Il ragazzo viene spesso allontanato dalla classe senza motivazione valida.,Istruzione/formazione/inclusione scolastica
PEI non aggiornato [SEP] Non sono stati attivati percorsi di alternanza scuola-lavoro adatti alla disabilità.,Istruzione/formazione/inclusione scolastica
PEI non aggiornato [SEP] Il minore non ha accesso ai laboratori informatici per mancanza di postazioni adattate.,Istruzione/formazione/inclusione scolastica
Esclusione attività scolastiche [SEP] Il piano personalizzato non viene rispettato nella pratica quotidiana.,Istruzione/formazione/inclusione scolastica
Esclusione attività scolastiche [SEP] Non sono stati attivati percorsi di alternanza scuola-lavoro adatti alla disabilità.,Istruzione/formazione/inclusione scolastica
PEI non aggiornato [SEP] Non sono stati garantiti gli ausili tecnologici previsti nel PEI.,Istruzione/formazione/inclusione scolastica
Mancato sostegno scolastico [SEP] È richiesta una valutazione neuropsicologica che la scuola non ha ancora avviato.,Istruzione/formazione/inclusione scolastica
PEI non aggiornato [SEP] Il ragazzo con DSA non ha ricevuto gli strumenti compensativi previsti.,Istruzione/formazione/inclusione scolastica
Mancato sostegno scolastico [SEP] La famiglia non è stata coinvolta nella stesura del Piano Didattico Personalizzato.,Istruzione/formazione/inclusione scolastica
Mancato sostegno scolastico [SEP] Il bambino è stato inserito in una classe senza il necessario supporto.,Istruzione/formazione/inclusione scolastica
Esclusione attività scolastiche [SEP] È richiesto un corso di formazione per i docenti sull'autismo.,Istruzione/formazione/inclusione scolastica
Esclusione attività scolastiche [SEP] La famiglia chiede chiarimenti sul diritto all'insegnante di sostegno per tutte le ore.,Istruzione/formazione/inclusione scolastica
PEI non aggiornato [SEP] Il ragazzo viene spesso allontanato dalla classe senza motivazione valida.,Istruzione/formazione/inclusione scolastica
Mancato sostegno scolastico [SEP] Mio figlio con disabilità non ha ricevuto il supporto dell'insegnante di sostegno.,Istruzione/formazione/inclusione scolastica
Esclusione attività scolastiche [SEP] Il bambino non può accedere all'aula al piano superiore per assenza di ascensore.,Istruzione/formazione/inclusione scolastica
PEI non aggiornato [SEP] Il ragazzo è stato bocciato senza che fosse stata applicata la normativa per i BES.,Istruzione/formazione/inclusione scolastica
PEI non aggiornato [SEP] Il servizio di supporto psicologico non è attivo nella scuola.,Istruzione/formazione/inclusione scolastica
PEI non aggiornato [SEP] La scuola non ha comunicato le modalità di valutazione personalizzata.,Istruzione/formazione/inclusione scolastica
PEI non aggiornato [SEP] La famiglia lamenta la mancata comunicazione sulle assenze del docente di sostegno.,Istruzione/formazione/inclusione scolastica
Mancato sostegno scolastico [SEP] Le attività di inclusione non sono state documentate nel fascicolo personale.,Istruzione/formazione/inclusione scolastica
Mancato sostegno scolastico [SEP] Non sono stati garantiti gli ausili tecnologici previsti nel PEI.,Istruzione/formazione/inclusione scolastica
Esclusione attività scolastiche [SEP] Il ragazzo viene spesso allontanato dalla classe senza motivazione valida.,Istruzione/formazione/inclusione scolastica
Mancato sostegno scolastico [SEP] Il minore ha difficoltà di apprendimento non ancora certificate dalla scuola.,Istruzione/formazione/inclusione scolastica
Esclusione attività scolastiche [SEP] Mio figlio con disabilità non ha ricevuto il supporto dell'insegnante di sostegno.,Istruzione/formazione/inclusione scolastica
PEI non aggiornato [SEP] Il ragazzo è stato bocciato senza che fosse stata applicata la normativa per i BES.,Istruzione/formazione/inclusione scolastica
Esclusione attività scolastiche [SEP] La scuola non ha attivato misure dispensative per l'alunno con dislessia.,Istruzione/formazione/inclusione scolastica
PEI non aggiornato [SEP] Non sono stati garantiti gli ausili tecnologici previsti nel PEI.,Istruzione/formazione/inclusione scolastica
Esclusione attività scolastiche [SEP] La scuola non ha predisposto un piano di emergenza per alunni con disabilità motorie.,Istruzione/formazione/inclusione scolastica
Mancato sostegno scolastico [SEP] È stato segnalato un ritardo nell'attivazione del servizio di trasporto scolastico.,Istruzione/formazione/inclusione scolastica
PEI non aggiornato [SEP] La famiglia chiede supporto per avviare la procedura di certificazione scolastica.,Istruzione/formazione/inclusione scolastica
PEI non aggiornato [SEP] Non risulta redatto il verbale dell'ultimo GLHO.,Istruzione/formazione/inclusione scolastica
PEI non aggiornato [SEP] La scuola non dispone di materiali didattici in formato accessibile.,Istruzione/formazione/inclusione scolastica
Esclusione attività scolastiche [SEP] Il bambino è l'unico con disabilità nella classe e non riceve supporto adeguato.,Istruzione/formazione/inclusione scolastica
Esclusione attività scolastiche [SEP] Non è stata comunicata alla famiglia la composizione del gruppo di lavoro inclusivo.,Istruzione/formazione/inclusione scolastica
PEI non aggiornato [SEP] La famiglia lamenta che il figlio viene escluso dalle attività extrascolastiche.,Istruzione/formazione/inclusione scolastica
Esclusione attività scolastiche [SEP] È stato segnalato un ritardo nell'attivazione del servizio di trasporto scolastico.,Istruzione/formazione/inclusione scolastica
PEI non aggiornato [SEP] Non è stata comunicata alla famiglia la composizione del gruppo di lavoro inclusivo.,Istruzione/formazione/inclusione scolastica
Esclusione attività scolastiche [SEP] È richiesto un corso di formazione per i docenti sull'autismo.,Istruzione/formazione/inclusione scolastica
Esclusione attività scolastiche [SEP] Il bambino è stato inserito in una classe senza il necessario supporto.,Istruzione/formazione/inclusione scolastica
Mancato sostegno scolastico [SEP] È richiesto un corso di formazione per i docenti sull'autismo.,Istruzione/formazione/inclusione scolastica
Esclusione attività scolastiche [SEP] La scuola non dispone di un piano di accessibilità degli spazi educativi.,Istruzione/formazione/inclusione scolastica
PEI non aggiornato [SEP] Il ragazzo è stato bocciato senza che fosse stata applicata la normativa per i BES.,Istruzione/formazione/inclusione scolastica
Esclusione attività scolastiche [SEP] Il piano personalizzato non viene rispettato nella pratica quotidiana.,Istruzione/formazione/inclusione scolastica
Mancato sostegno scolastico [SEP] Non sono stati garantiti i tempi aggiuntivi durante le verifiche scritte.,Istruzione/formazione/inclusione scolastica
Esclusione attività scolastiche [SEP] Non è stato predisposto un percorso di tirocinio formativo per lo studente.,Istruzione/formazione/inclusione scolastica
PEI non aggiornato [SEP] È stato segnalato un ritardo nell'attivazione del servizio di trasporto scolastico.,Istruzione/formazione/inclusione scolastica
Mancato sostegno scolastico [SEP] La scuola non ha risposto alla richiesta di attivazione del PDP nei tempi previsti.,Istruzione/formazione/inclusione scolastica
Esclusione attività scolastiche [SEP] Mio figlio con disabilità non ha ricevuto il supporto dell'insegnante di sostegno.,Istruzione/formazione/inclusione scolastica
PEI non aggiornato [SEP] È stato segnalato un ritardo nell'attivazione del servizio di trasporto scolastico.,Istruzione/formazione/inclusione scolastica
Mancato sostegno scolastico [SEP] È richiesto un incontro urgente con la dirigenza scolastica per discutere l'inclusione.,Istruzione/formazione/inclusione scolastica
PEI non aggiornato [SEP] Il bambino non può accedere all'aula al piano superiore per assenza di ascensore.,Istruzione/formazione/inclusione scolastica
PEI non aggiornato [SEP] Non è stata garantita la continuità dell'insegnante di sostegno nel passaggio di classe.,Istruzione/formazione/inclusione scolastica
Mancato sostegno scolastico [SEP] Il PEI non è stato aggiornato dopo la nuova valutazione della commissione medica.,Istruzione/formazione/inclusione scolastica
PEI non aggiornato [SEP] Il percorso formativo post-diploma non è stato pianificato dall'istituto.,Istruzione/formazione/inclusione scolastica
Esclusione attività scolastiche [SEP] È richiesto un incontro urgente con la dirigenza scolastica per discutere l'inclusione.,Istruzione/formazione/inclusione scolastica
Mancato sostegno scolastico [SEP] La famiglia lamenta che il figlio viene escluso dalle attività extrascolastiche.,Istruzione/formazione/inclusione scolastica
PEI non aggiornato [SEP] L'insegnante curriculare non collabora con il docente di sostegno.,Istruzione/formazione/inclusione scolastica
PEI non aggiornato [SEP] La famiglia chiede chiarimenti sul diritto all'insegnante di sostegno per tutte le ore.,Istruzione/formazione/inclusione scolastica
Mancato sostegno scolastico [SEP] La famiglia non è stata coinvolta nella stesura del Piano Didattico Personalizzato.,Istruzione/formazione/inclusione scolastica
Mancato sostegno scolastico [SEP] Il docente di sostegno non ha ricevuto formazione specifica per la disabilità dell'alunno.,Istruzione/formazione/inclusione scolastica
Mancato sostegno scolastico [SEP] Il ragazzo con DSA non ha ricevuto gli strumenti compensativi previsti.,Istruzione/formazione/inclusione scolastica
Esclusione attività scolastiche [SEP] È stato segnalato un ritardo nell'attivazione del servizio di trasporto scolastico.,Istruzione/formazione/inclusione scolastica
PEI non aggiornato [SEP] Non sono stati garantiti gli ausili tecnologici previsti nel PEI.,Istruzione/formazione/inclusione scolastica
PEI non aggiornato [SEP] Il piano personalizzato non viene rispettato nella pratica quotidiana.,Istruzione/formazione/inclusione scolastica
PEI non aggiornato [SEP] La famiglia chiede chiarimenti sul diritto all'insegnante di sostegno per tutte le ore.,Istruzione/formazione/inclusione scolastica
PEI non aggiornato [SEP] La scuola non ha predisposto il Piano Educativo Individualizzato.,Istruzione/formazione/inclusione scolastica
Esclusione attività scolastiche [SEP] Il PEI non è stato aggiornato dopo la nuova valutazione della commissione medica.,Istruzione/formazione/inclusione scolastica
Mancato sostegno scolastico [SEP] Le attività di inclusione non sono state documentate nel fascicolo personale.,Istruzione/formazione/inclusione scolastica
Mancato sostegno scolastico [SEP] Il minore con disturbo dello spettro autistico non ha ricevuto la figura dell'assistente.,Istruzione/formazione/inclusione scolastica
Mancato sostegno scolastico [SEP] La scuola non dispone di un piano di accessibilità degli spazi educativi.,Istruzione/formazione/inclusione scolastica
Esclusione attività scolastiche [SEP] È richiesto un corso di formazione per i docenti sull'autismo.,Istruzione/formazione/inclusione scolastica
PEI non aggiornato [SEP] Il servizio di integrazione scolastica non è coordinato con i servizi territoriali.,Istruzione/formazione/inclusione scolastica
Mancato sostegno scolastico [SEP] Non sono stati garantiti i tempi aggiuntivi durante le verifiche scritte.,Istruzione/formazione/inclusione scolastica
Esclusione attività scolastiche [SEP] Il docente di sostegno non ha ricevuto formazione specifica per la disabilità dell'alunno.,Istruzione/formazione/inclusione scolastica
Esclusione attività scolastiche [SEP] Non risulta redatto il verbale dell'ultimo GLHO.,Istruzione/formazione/inclusione scolastica
Mancato sostegno scolastico [SEP] Il minore con disabilità uditiva non ha accesso all'interprete LIS.,Istruzione/formazione/inclusione scolastica
Mancato sostegno scolastico [SEP] Il minore non ha accesso ai laboratori informatici per mancanza di postazioni adattate.,Istruzione/formazione/inclusione scolastica
Esclusione attività scolastiche [SEP] Non è stata garantita la continuità dell'insegnante di sostegno nel passaggio di classe.,Istruzione/formazione/inclusione scolastica
Esclusione attività scolastiche [SEP] Non è stata comunicata alla famiglia la composizione del gruppo di lavoro inclusivo.,Istruzione/formazione/inclusione scolastica
Mancato sostegno scolastico [SEP] Il PEI non è stato aggiornato dopo la nuova valutazione della commissione medica.,Istruzione/formazione/inclusione scolastica
Mancato sostegno scolastico [SEP] Sono stati segnalati episodi di esclusione durante le attività di gruppo in classe.,Istruzione/formazione/inclusione scolastica
Mancato sostegno scolastico [SEP] La scuola non ha attivato misure dispensative per l'alunno con dislessia.,Istruzione/formazione/inclusione scolastica
Esclusione attività scolastiche [SEP] Il bambino non può accedere all'aula al piano superiore per assenza di ascensore.,Istruzione/formazione/inclusione scolastica
Mancato sostegno scolastico [SEP] Il docente di sostegno non ha ricevuto formazione specifica per la disabilità dell'alunno.,Istruzione/formazione/inclusione scolastica
PEI non aggiornato [SEP] Il minore con disabilità uditiva non ha accesso all'interprete LIS.,Istruzione/formazione/inclusione scolastica
Mancato sostegno scolastico [SEP] La scuola non ha attivato misure dispensative per l'alunno con dislessia.,Istruzione/formazione/inclusione scolastica
Mancato sostegno scolastico [SEP] Non è stato predisposto il materiale adattato per lo studente ipovedente.,Istruzione/formazione/inclusione scolastica
Mancato sostegno scolastico [SEP] Il piano di studi personalizzato non riflette le reali capacità del bambino.,Istruzione/formazione/inclusione scolastica
Esclusione attività scolastiche [SEP] Il bambino riceve meno ore di sostegno rispetto a quanto previsto dalla certificazione.,Istruzione/formazione/inclusione scolastica
Esclusione attività scolastiche [SEP] La scuola non ha partecipato all'incontro con i servizi sociali.,Istruzione/formazione/inclusione scolastica
PEI non aggiornato [SEP] Non sono stati garantiti gli ausili tecnologici previsti nel PEI.,Istruzione/formazione/inclusione scolastica
Mancato sostegno scolastico [SEP] La scuola non ha previsto attività di sensibilizzazione sulla disabilità.,Istruzione/formazione/inclusione scolastica
PEI non aggiornato [SEP] È stato segnalato un ritardo nell'attivazione del servizio di trasporto scolastico.,Istruzione/formazione/inclusione scolastica
Mancato sostegno scolastico [SEP] Non è stato predisposto un percorso di tirocinio formativo per lo studente.,Istruzione/formazione/inclusione scolastica
Esclusione attività scolastiche [SEP] La scuola non ha comunicato le modalità di valutazione personalizzata.,Istruzione/formazione/inclusione scolastica
Mancato sostegno scolastico [SEP] Non è stato predisposto un percorso di tirocinio formativo per lo studente.,Istruzione/formazione/inclusione scolastica
PEI non aggiornato [SEP] Il docente di sostegno è stato assegnato solo a metà anno scolastico.,Istruzione/formazione/inclusione scolastica
Mancato sostegno scolastico [SEP] Il PEI non è stato aggiornato dopo la nuova valutazione della commissione medica.,Istruzione/formazione/inclusione scolastica
Mancato sostegno scolastico [SEP] La scuola non ha predisposto il Piano Educativo Individualizzato.,Istruzione/formazione/inclusione scolastica
Esclusione attività scolastiche [SEP] Non risulta attivo nessun sportello di ascolto nella scuola frequentata.,Istruzione/formazione/inclusione scolastica
Mancato sostegno scolastico [SEP] Il bambino non può accedere all'aula al piano superiore per assenza di ascensore.,Istruzione/formazione/inclusione scolastica
PEI non aggiornato [SEP] Non sono stati garantiti i tempi aggiuntivi durante le verifiche scritte.,Istruzione/formazione/inclusione scolastica
Esclusione attività scolastiche [SEP] Sono stati segnalati episodi di esclusione durante le attività di gruppo in classe.,Istruzione/formazione/inclusione scolastica
PEI non aggiornato [SEP] Non risulta attivo nessun sportello di ascolto nella scuola frequentata.,Istruzione/formazione/inclusione scolastica
Esclusione attività scolastiche [SEP] Sono stati segnalati episodi di esclusione durante le attività di gruppo in classe.,Istruzione/formazione/inclusione scolastica
PEI non aggiornato [SEP] Il passaggio tra ordini scolastici non è stato gestito in continuità.,Istruzione/formazione/inclusione scolastica
PEI non aggiornato [SEP] La scuola non ha comunicato le modalità di valutazione personalizzata.,Istruzione/formazione/inclusione scolastica
PEI non aggiornato [SEP] La scuola non ha attivato misure dispensative per l'alunno con dislessia.,Istruzione/formazione/inclusione scolastica
Mancato sostegno scolastico [SEP] Non è stato predisposto un percorso di tirocinio formativo per lo studente.,Istruzione/formazione/inclusione scolastica
Mancato sostegno scolastico [SEP] Il percorso formativo post-diploma non è stato pianificato dall'istituto.,Istruzione/formazione/inclusione scolastica
Mancato sostegno scolastico [SEP] Non è stata garantita la continuità dell'insegnante di sostegno nel passaggio di classe.,Istruzione/formazione/inclusione scolastica
Mancato sostegno scolastico [SEP] Non è stata comunicata alla famiglia la composizione del gruppo di lavoro inclusivo.,Istruzione/formazione/inclusione scolastica
Mancato sostegno scolastico [SEP] Non sono stati coinvolti i genitori nella scelta degli strumenti compensativi.,Istruzione/formazione/inclusione scolastica
PEI non aggiornato [SEP] Il percorso formativo post-diploma non è stato pianificato dall'istituto.,Istruzione/formazione/inclusione scolastica
Esclusione attività scolastiche [SEP] La famiglia lamenta che il figlio viene escluso dalle attività extrascolastiche.,Istruzione/formazione/inclusione scolastica
Esclusione attività scolastiche [SEP] La scuola non dispone di materiali didattici in formato accessibile.,Istruzione/formazione/inclusione scolastica
PEI non aggiornato [SEP] Il minore ha difficoltà di apprendimento non ancora certificate dalla scuola.,Istruzione/formazione/inclusione scolastica
Mancato sostegno scolastico [SEP] La scuola non dispone di un piano di accessibilità degli spazi educativi.,Istruzione/formazione/inclusione scolastica
Esclusione attività scolastiche [SEP] Il servizio di supporto psicologico non è attivo nella scuola.,Istruzione/formazione/inclusione scolastica
Mancato sostegno scolastico [SEP] La famiglia chiede chiarimenti sul diritto all'insegnante di sostegno per tutte le ore.,Istruzione/formazione/inclusione scolastica
PEI non aggiornato [SEP] Non risulta redatto il verbale dell'ultimo GLHO.,Istruzione/formazione/inclusione scolastica
PEI non aggiornato [SEP] La famiglia lamenta che il figlio viene escluso dalle attività extrascolastiche.,Istruzione/formazione/inclusione scolastica
Esclusione attività scolastiche [SEP] Non è stata garantita la continuità dell'insegnante di sostegno nel passaggio di classe.,Istruzione/formazione/inclusione scolastica
PEI non aggiornato [SEP] La famiglia chiede chiarimenti sul diritto all'insegnante di sostegno per tutte le ore.,Istruzione/formazione/inclusione scolastica
Mancato sostegno scolastico [SEP] Il servizio di integrazione scolastica non è coordinato con i servizi territoriali.,Istruzione/formazione/inclusione scolastica
Esclusione attività scolastiche [SEP] Il docente di sostegno non ha ricevuto formazione specifica per la disabilità dell'alunno.,Istruzione/formazione/inclusione scolastica
Mancato sostegno scolastico [SEP] Il piano personalizzato non viene rispettato nella pratica quotidiana.,Istruzione/formazione/inclusione scolastica
PEI non aggiornato [SEP] Il ragazzo con DSA non ha ricevuto gli strumenti compensativi previsti.,Istruzione/formazione/inclusione scolastica
PEI non aggiornato [SEP] Il minore non ha accesso ai laboratori informatici per mancanza di postazioni adattate.,Istruzione/formazione/inclusione scolastica
Esclusione attività scolastiche [SEP] Non sono stati coinvolti i genitori nella scelta degli strumenti compensativi.,Istruzione/formazione/inclusione scolastica
Mancato sostegno scolastico [SEP] Il docente di sostegno è stato assegnato solo a metà anno scolastico.,Istruzione/formazione/inclusione scolastica
Esclusione attività scolastiche [SEP] Il minore con disabilità uditiva non ha accesso all'interprete LIS.,Istruzione/formazione/inclusione scolastica
PEI non aggiornato [SEP] La famiglia chiede informazioni sui percorsi di inclusione scolastica disponibili.,Istruzione/formazione/inclusione scolastica
Esclusione attività scolastiche [SEP] Non risulta attivo nessun sportello di ascolto nella scuola frequentata.,Istruzione/formazione/inclusione scolastica
Esclusione attività scolastiche [SEP] La scuola non ha comunicato le modalità di valutazione personalizzata.,Istruzione/formazione/inclusione scolastica
Mancato sostegno scolastico [SEP] Non risulta redatto il verbale dell'ultimo GLHO.,Istruzione/formazione/inclusione scolastica
Mancato sostegno scolastico [SEP] La famiglia chiede chiarimenti sul diritto all'insegnante di sostegno per tutte le ore.,Istruzione/formazione/inclusione scolastica
Mancato sostegno scolastico [SEP] La famiglia lamenta la mancata comunicazione sulle assenze del docente di sostegno.,Istruzione/formazione/inclusione scolastica
PEI non aggiornato [SEP] Il bambino è l'unico con disabilità nella classe e non riceve supporto adeguato.,Istruzione/formazione/inclusione scolastica
Esclusione attività scolastiche [SEP] La famiglia lamenta la mancata comunicazione sulle assenze del docente di sostegno.,Istruzione/formazione/inclusione scolastica
Esclusione attività scolastiche [SEP] Il docente di sostegno è stato assegnato solo a metà anno scolastico.,Istruzione/formazione/inclusione scolastica
PEI non aggiornato [SEP] Il ragazzo viene spesso allontanato dalla classe senza motivazione valida.,Istruzione/formazione/inclusione scolastica
Mancato sostegno scolastico [SEP] La scuola non ha previsto attività di sensibilizzazione sulla disabilità.,Istruzione/formazione/inclusione scolastica
Esclusione attività scolastiche [SEP] È richiesto un incontro urgente con la dirigenza scolastica per discutere l'inclusione.,Istruzione/formazione/inclusione scolastica
Mancato sostegno scolastico [SEP] La scuola non ha predisposto il Piano Educativo Individualizzato.,Istruzione/formazione/inclusione scolastica
PEI non aggiornato [SEP] Il progetto di orientamento post-scuola non è stato presentato alla famiglia.,Istruzione/formazione/inclusione scolastica
Mancato sostegno scolastico [SEP] Non è stata convocata la riunione del GLHO per la revisione del PEI.,Istruzione/formazione/inclusione scolastica
Lista d'attesa centro diurno [SEP] Non è stato redatto il piano di dimissione protetta al termine del ricovero.,Strutture socio-sanitarie
Problemi struttura residenziale [SEP] Il centro diurno non ha posti disponibili per l'inserimento del nostro assistito.,Strutture socio-sanitarie
Qualità assistenza insufficiente [SEP] L'ospite non partecipa ad alcuna attività per mancanza di stimolazione.,Strutture socio-sanitarie
Qualità assistenza insufficiente [SEP] La struttura ha aumentato le rette senza adeguato preavviso.,Strutture socio-sanitarie
Problemi struttura residenziale [SEP] Non vengono rispettati i tempi dei pasti previsti nel regolamento.,Strutture socio-sanitarie
Qualità assistenza insufficiente [SEP] Non è stata effettuata la valutazione multidimensionale aggiornata.,Strutture socio-sanitarie
Lista d'attesa centro diurno [SEP] Non sono stati attivati percorsi di autonomia per gli ospiti.,Strutture socio-sanitarie
Problemi struttura residenziale [SEP] L'ospite non partecipa ad alcuna attività per mancanza di stimolazione.,Strutture socio-sanitarie
Qualità assistenza insufficiente [SEP] La struttura non ha procedure per la gestione delle crisi comportamentali.,Strutture socio-sanitarie
Lista d'attesa centro diurno [SEP] La struttura non dispone di un piano di uscita per le emergenze accessibile.,Strutture socio-sanitarie
Lista d'attesa centro diurno [SEP] La struttura non ha adottato il protocollo antiviolenza richiesto.,Strutture socio-sanitarie
Problemi struttura residenziale [SEP] La struttura non dispone di un medico di riferimento interno.,Strutture socio-sanitarie
Qualità assistenza insufficiente [SEP] La lista d'attesa per il centro diurno supera i 12 mesi.,Strutture socio-sanitarie
Qualità assistenza insufficiente [SEP] L'ospite non può ricevere visite nelle fasce orarie che preferisce.,Strutture socio-sanitarie
Problemi struttura residenziale [SEP] La struttura non ha adottato il protocollo antiviolenza richiesto.,Strutture socio-sanitarie
Lista d'attesa centro diurno [SEP] L'accesso alla struttura è difficoltoso per i visitatori con disabilità motoria.,Strutture socio-sanitarie
Problemi struttura residenziale [SEP] Non vengono organizzati incontri periodici tra famiglie e operatori.,Strutture socio-sanitarie
Problemi struttura residenziale [SEP] La struttura residenziale non garantisce personale sufficiente durante la notte.,Strutture socio-sanitarie
Qualità assistenza insufficiente [SEP] Il piano di assistenza individuale non è stato aggiornato da oltre un anno.,Strutture socio-sanitarie
Qualità assistenza insufficiente [SEP] La struttura non ha rispettato il progetto individuale concordato.,Strutture socio-sanitarie
Problemi struttura residenziale [SEP] Il servizio di assistenza nella struttura è stato ridotto senza preavviso.,Strutture socio-sanitarie
Lista d'attesa centro diurno [SEP] L'ospite non partecipa ad alcuna attività per mancanza di stimolazione.,Strutture socio-sanitarie
Qualità assistenza insufficiente [SEP] L'accesso alla struttura è difficoltoso per i visitatori con disabilità motoria.,Strutture socio-sanitarie
Problemi struttura residenziale [SEP] La struttura non ha comunicato i criteri per la graduatoria di accesso.,Strutture socio-sanitarie
Lista d'attesa centro diurno [SEP] La lista d'attesa per il centro diurno supera i 12 mesi.,Strutture socio-sanitarie
Qualità assistenza insufficiente [SEP] La struttura non ha rispettato il progetto individuale concordato.,Strutture socio-sanitarie
Problemi struttura residenziale [SEP] Il centro semiresidenziale ha sospeso le attività per carenza di personale.,Strutture socio-sanitarie
Lista d'attesa centro diurno [SEP] Non sono previste attività di musicoterapia o arteterapia nella struttura.,Strutture socio-sanitarie
Lista d'attesa centro diurno [SEP] L'ospite ha segnalato comportamenti inappropriati da parte di un operatore.,Strutture socio-sanitarie
Problemi struttura residenziale [SEP] Il regolamento interno della struttura non è stato comunicato alla famiglia.,Strutture socio-sanitarie
Lista d'attesa centro diurno [SEP] Non è stato redatto il piano di dimissione protetta al termine del ricovero.,Strutture socio-sanitarie
Qualità assistenza insufficiente [SEP] La struttura non ha comunicato i criteri per la graduatoria di accesso.,Strutture socio-sanitarie
Lista d'attesa centro diurno [SEP] Non sono previste attività di musicoterapia o arteterapia nella struttura.,Strutture socio-sanitarie
Qualità assistenza insufficiente [SEP] Non sono garantiti momenti di privacy adeguati per gli ospiti.,Strutture socio-sanitarie
Lista d'attesa centro diurno [SEP] La struttura non dispone di un piano di uscita per le emergenze accessibile.,Strutture socio-sanitarie
Qualità assistenza insufficiente [SEP] L'ospite segnala condizioni igieniche insufficienti nei bagni della struttura.,Strutture socio-sanitarie
Problemi struttura residenziale [SEP] La struttura non dispone di un piano di uscita per le emergenze accessibile.,Strutture socio-sanitarie
Problemi struttura residenziale [SEP] Non vengono documentate le attività quotidiane svolte dall'ospite.,Strutture socio-sanitarie
Problemi struttura residenziale [SEP] L'ospite segnala condizioni igieniche insufficienti nei bagni della struttura.,Strutture socio-sanitarie
Problemi struttura residenziale [SEP] L'ospite ha segnalato comportamenti inappropriati da parte di un operatore.,Strutture socio-sanitarie
Qualità assistenza insufficiente [SEP] Non sono garantiti momenti di privacy adeguati per gli ospiti.,Strutture socio-sanitarie
Qualità assistenza insufficiente [SEP] La casa famiglia non è dotata di ausili adeguati per persone non deambulanti.,Strutture socio-sanitarie
Qualità assistenza insufficiente [SEP] La lista d'attesa per il centro diurno supera i 12 mesi.,Strutture socio-sanitarie
Qualità assistenza insufficiente [SEP] Non è stato attivato il servizio di trasporto per i frequentatori del centro diurno.,Strutture socio-sanitarie
Problemi struttura residenziale [SEP] L'ospite non partecipa ad alcuna attività per mancanza di stimolazione.,Strutture socio-sanitarie
Qualità assistenza insufficiente [SEP] Non è stato comunicato il cambio del responsabile del caso.,Strutture socio-sanitarie
Qualità assistenza insufficiente [SEP] La struttura non dispone di tecnologie assistive per la comunicazione.,Strutture socio-sanitarie
Lista d'attesa centro diurno [SEP] Il regolamento interno della struttura non è stato comunicato alla famiglia.,Strutture socio-sanitarie
Problemi struttura residenziale [SEP] L'ospite non può ricevere visite nelle fasce orarie che preferisce.,Strutture socio-sanitarie
Qualità assistenza insufficiente [SEP] Il centro semiresidenziale ha sospeso le attività per carenza di personale.,Strutture socio-sanitarie
Lista d'attesa centro diurno [SEP] La struttura non ha procedure per la gestione delle crisi comportamentali.,Strutture socio-sanitarie
Qualità assistenza insufficiente [SEP] La struttura non ha rispettato il progetto individuale concordato.,Strutture socio-sanitarie
Lista d'attesa centro diurno [SEP] Il personale non ha ricevuto formazione specifica per la gestione dell'autismo.,Strutture socio-sanitarie
Lista d'attesa centro diurno [SEP] L'accesso ai familiari è stato limitato senza motivazione clinica.,Strutture socio-sanitarie
Problemi struttura residenziale [SEP] Il centro diurno non ha posti disponibili per l'inserimento del nostro assistito.,Strutture socio-sanitarie
Lista d'attesa centro diurno [SEP] La struttura non ha comunicato i criteri per la graduatoria di accesso.,Strutture socio-sanitarie
Qualità assistenza insufficiente [SEP] La struttura non dispone di tecnologie assistive per la comunicazione.,Strutture socio-sanitarie
Qualità assistenza insufficiente [SEP] La struttura non ha adottato il protocollo antiviolenza richiesto.,Strutture socio-sanitarie
Problemi struttura residenziale [SEP] Non vengono documentate le attività quotidiane svolte dall'ospite.,Strutture socio-sanitarie
Problemi struttura residenziale [SEP] Non vengono somministrati i farmaci nelle dosi e nei tempi prescritti.,Strutture socio-sanitarie
Problemi struttura residenziale [SEP] L'ospite ha segnalato comportamenti inappropriati da parte di un operatore.,Strutture socio-sanitarie
Lista d'attesa centro diurno [SEP] Non è stato redatto il piano di dimissione protetta al termine del ricovero.,Strutture socio-sanitarie
Lista d'attesa centro diurno [SEP] Il centro diurno non ha posti disponibili per l'inserimento del nostro assistito.,Strutture socio-sanitarie
Problemi struttura residenziale [SEP] Il progetto terapeutico riabilitativo non è stato aggiornato.,Strutture socio-sanitarie
Problemi struttura residenziale [SEP] La struttura non dispone di un medico di riferimento interno.,Strutture socio-sanitarie
Lista d'attesa centro diurno [SEP] La struttura non dispone di tecnologie assistive per la comunicazione.,Strutture socio-sanitarie
Qualità assistenza insufficiente [SEP] La struttura non ha comunicato i criteri per la graduatoria di accesso.,Strutture socio-sanitarie
Lista d'attesa centro diurno [SEP] Il centro diurno non ha posti disponibili per l'inserimento del nostro assistito.,Strutture socio-sanitarie
Problemi struttura residenziale [SEP] Non vengono organizzati incontri periodici tra famiglie e operatori.,Strutture socio-sanitarie
Lista d'attesa centro diurno [SEP] Non vengono svolte attività ricreative nella residenza sanitaria.,Strutture socio-sanitarie
Lista d'attesa centro diurno [SEP] La struttura non dispone di spazi verdi accessibili per attività all'aperto.,Strutture socio-sanitarie
Lista d'attesa centro diurno [SEP] Non è stato redatto il piano di dimissione protetta al termine del ricovero.,Strutture socio-sanitarie
Qualità assistenza insufficiente [SEP] La struttura residenziale non garantisce personale sufficiente durante la notte.,Strutture socio-sanitarie
Problemi struttura residenziale [SEP] L'orario di apertura del centro diurno non è compatibile con le esigenze lavorative dei caregiver.,Strutture socio-sanitarie
Qualità assistenza insufficiente [SEP] La struttura non ha comunicato i criteri per la graduatoria di accesso.,Strutture socio-sanitarie
Qualità assistenza insufficiente [SEP] Il progetto terapeutico riabilitativo non è stato aggiornato.,Strutture socio-sanitarie
Lista d'attesa centro diurno [SEP] La struttura non garantisce l'accesso a un'assistente sociale di riferimento.,Strutture socio-sanitarie
Qualità assistenza insufficiente [SEP] Non è stato rinnovato il contratto con l'educatore professionale.,Strutture socio-sanitarie
Lista d'attesa centro diurno [SEP] Non vengono garantite uscite sul territorio per gli ospiti della RSA.,Strutture socio-sanitarie
Lista d'attesa centro diurno [SEP] La struttura ha aumentato le rette senza adeguato preavviso.,Strutture socio-sanitarie
Qualità assistenza insufficiente [SEP] La casa famiglia non è dotata di ausili adeguati per persone non deambulanti.,Strutture socio-sanitarie
Problemi struttura residenziale [SEP] Il servizio di assistenza nella struttura è stato ridotto senza preavviso.,Strutture socio-sanitarie
Problemi struttura residenziale [SEP] Non viene effettuata la verifica periodica del progetto di vita dell'ospite.,Strutture socio-sanitarie
Qualità assistenza insufficiente [SEP] Il centro diurno non ha posti disponibili per l'inserimento del nostro assistito.,Strutture socio-sanitarie
Problemi struttura residenziale [SEP] L'ospite ha segnalato comportamenti inappropriati da parte di un operatore.,Strutture socio-sanitarie
Qualità assistenza insufficiente [SEP] Non è disponibile una figura di mediatore familiare nella struttura.,Strutture socio-sanitarie
Lista d'attesa centro diurno [SEP] Non vengono rispettati i tempi dei pasti previsti nel regolamento.,Strutture socio-sanitarie
Lista d'attesa centro diurno [SEP] Non vengono svolte attività ricreative nella residenza sanitaria.,Strutture socio-sanitarie
Lista d'attesa centro diurno [SEP] Non è stato redatto il piano di dimissione protetta al termine del ricovero.,Strutture socio-sanitarie
Qualità assistenza insufficiente [SEP] La qualità del pasto non è conforme alle indicazioni del medico.,Strutture socio-sanitarie
Problemi struttura residenziale [SEP] Il personale non ha ricevuto formazione specifica per la gestione dell'autismo.,Strutture socio-sanitarie
Problemi struttura residenziale [SEP] Non vengono svolte attività ricreative nella residenza sanitaria.,Strutture socio-sanitarie
Lista d'attesa centro diurno [SEP] La struttura non garantisce la continuità relazionale con gli educatori.,Strutture socio-sanitarie
Lista d'attesa centro diurno [SEP] Non vengono somministrati i farmaci nelle dosi e nei tempi prescritti.,Strutture socio-sanitarie
Problemi struttura residenziale [SEP] L'accesso ai familiari è stato limitato senza motivazione clinica.,Strutture socio-sanitarie
Lista d'attesa centro diurno [SEP] L'accesso ai familiari è stato limitato senza motivazione clinica.,Strutture socio-sanitarie
Qualità assistenza insufficiente [SEP] La struttura non dispone di spazi verdi accessibili per attività all'aperto.,Strutture socio-sanitarie
Problemi struttura residenziale [SEP] Non è stato comunicato il cambio del responsabile del caso.,Strutture socio-sanitarie
Problemi struttura residenziale [SEP] La struttura non ha rispettato il progetto individuale concordato.,Strutture socio-sanitarie
Qualità assistenza insufficiente [SEP] La struttura residenziale non garantisce personale sufficiente durante la notte.,Strutture socio-sanitarie
Qualità assistenza insufficiente [SEP] Non sono previste attività di musicoterapia o arteterapia nella struttura.,Strutture socio-sanitarie
Qualità assistenza insufficiente [SEP] L'ospite ha segnalato comportamenti inappropriati da parte di un operatore.,Strutture socio-sanitarie
Lista d'attesa centro diurno [SEP] Non sono garantiti momenti di privacy adeguati per gli ospiti.,Strutture socio-sanitarie
Lista d'attesa centro diurno [SEP] La struttura non ha adottato il protocollo antiviolenza richiesto.,Strutture socio-sanitarie
Problemi struttura residenziale [SEP] Non vengono svolte attività ricreative nella residenza sanitaria.,Strutture socio-sanitarie
Problemi struttura residenziale [SEP] La casa famiglia non è dotata di ausili adeguati per persone non deambulanti.,Strutture socio-sanitarie
Problemi struttura residenziale [SEP] L'orario di apertura del centro diurno non è compatibile con le esigenze lavorative dei caregiver.,Strutture socio-sanitarie
Qualità assistenza insufficiente [SEP] Non sono previste attività di musicoterapia o arteterapia nella struttura.,Strutture socio-sanitarie
Qualità assistenza insufficiente [SEP] La lista d'attesa per il centro diurno supera i 12 mesi.,Strutture socio-sanitarie
Problemi struttura residenziale [SEP] L'ospite segnala condizioni igieniche insufficienti nei bagni della struttura.,Strutture socio-sanitarie
Qualità assistenza insufficiente [SEP] Il centro diurno non ha posti disponibili per l'inserimento del nostro assistito.,Strutture socio-sanitarie
Lista d'attesa centro diurno [SEP] La qualità del pasto non è conforme alle indicazioni del medico.,Strutture socio-sanitarie
Problemi struttura residenziale [SEP] Non vengono somministrati i farmaci nelle dosi e nei tempi prescritti.,Strutture socio-sanitarie
Lista d'attesa centro diurno [SEP] L'ospite segnala condizioni igieniche insufficienti nei bagni della struttura.,Strutture socio-sanitarie
Qualità assistenza insufficiente [SEP] Non viene effettuata la verifica periodica del progetto di vita dell'ospite.,Strutture socio-sanitarie
Qualità assistenza insufficiente [SEP] La struttura non garantisce la continuità relazionale con gli educatori.,Strutture socio-sanitarie
Problemi struttura residenziale [SEP] Il piano di assistenza individuale non è stato aggiornato da oltre un anno.,Strutture socio-sanitarie
Problemi struttura residenziale [SEP] La struttura non ha rispettato il progetto individuale concordato.,Strutture socio-sanitarie
Lista d'attesa centro diurno [SEP] La struttura non dispone di spazi verdi accessibili per attività all'aperto.,Strutture socio-sanitarie
Problemi struttura residenziale [SEP] La struttura ha aumentato le rette senza adeguato preavviso.,Strutture socio-sanitarie
Lista d'attesa centro diurno [SEP] Non è stata effettuata la valutazione multidimensionale aggiornata.,Strutture socio-sanitarie
Problemi struttura residenziale [SEP] L'ospite non può ricevere visite nelle fasce orarie che preferisce.,Strutture socio-sanitarie
Lista d'attesa centro diurno [SEP] Il centro diurno non ha posti disponibili per l'inserimento del nostro assistito.,Strutture socio-sanitarie
Qualità assistenza insufficiente [SEP] La struttura non garantisce la continuità relazionale con gli educatori.,Strutture socio-sanitarie
Problemi struttura residenziale [SEP] Non vengono somministrati i farmaci nelle dosi e nei tempi prescritti.,Strutture socio-sanitarie
Qualità assistenza insufficiente [SEP] L'ospite ha segnalato comportamenti inappropriati da parte di un operatore.,Strutture socio-sanitarie
Qualità assistenza insufficiente [SEP] Il personale non ha ricevuto formazione specifica per la gestione dell'autismo.,Strutture socio-sanitarie
Lista d'attesa centro diurno [SEP] La struttura residenziale non garantisce personale sufficiente durante la notte.,Strutture socio-sanitarie
Qualità assistenza insufficiente [SEP] Non sono previste attività di musicoterapia o arteterapia nella struttura.,Strutture socio-sanitarie
Qualità assistenza insufficiente [SEP] Non è stato rinnovato il contratto con l'educatore professionale.,Strutture socio-sanitarie
Problemi struttura residenziale [SEP] La struttura non dispone di spazi verdi accessibili per attività all'aperto.,Strutture socio-sanitarie
Problemi struttura residenziale [SEP] La struttura ospita persone con profili di bisogno molto diversi senza separazione.,Strutture socio-sanitarie
Lista d'attesa centro diurno [SEP] La struttura non garantisce l'accesso a un'assistente sociale di riferimento.,Strutture socio-sanitarie
Lista d'attesa centro diurno [SEP] Non viene effettuata la verifica periodica del progetto di vita dell'ospite.,Strutture socio-sanitarie
Lista d'attesa centro diurno [SEP] L'ospite segnala condizioni igieniche insufficienti nei bagni della struttura.,Strutture socio-sanitarie
Problemi struttura residenziale [SEP] Il centro semiresidenziale ha sospeso le attività per carenza di personale.,Strutture socio-sanitarie
Problemi struttura residenziale [SEP] La lista d'attesa per il centro diurno supera i 12 mesi.,Strutture socio-sanitarie
Problemi struttura residenziale [SEP] La famiglia chiede il trasferimento in una struttura più vicina al domicilio.,Strutture socio-sanitarie
Problemi struttura residenziale [SEP] Il regolamento interno della struttura non è stato comunicato alla famiglia.,Strutture socio-sanitarie
Qualità assistenza insufficiente [SEP] La struttura non collabora con il medico di medicina generale dell'ospite.,Strutture socio-sanitarie
Lista d'attesa centro diurno [SEP] Non viene effettuata la verifica periodica del progetto di vita dell'ospite.,Strutture socio-sanitarie
Qualità assistenza insufficiente [SEP] Non è stata effettuata la valutazione multidimensionale aggiornata.,Strutture socio-sanitarie
Problemi struttura residenziale [SEP] La struttura non dispone di spazi verdi accessibili per attività all'aperto.,Strutture socio-sanitarie
Problemi struttura residenziale [SEP] La struttura ospita persone con profili di bisogno molto diversi senza separazione.,Strutture socio-sanitarie
Qualità assistenza insufficiente [SEP] La struttura ospita persone con profili di bisogno molto diversi senza separazione.,Strutture socio-sanitarie
Qualità assistenza insufficiente [SEP] La struttura residenziale non dispone di uno psicologo dedicato.,Strutture socio-sanitarie
Qualità assistenza insufficiente [SEP] La struttura non collabora con il medico di medicina generale dell'ospite.,Strutture socio-sanitarie
Qualità assistenza insufficiente [SEP] La struttura non dispone di un medico di riferimento interno.,Strutture socio-sanitarie
Problemi struttura residenziale [SEP] Non è stato attivato il servizio di trasporto per i frequentatori del centro diurno.,Strutture socio-sanitarie
Lista d'attesa centro diurno [SEP] L'ospite segnala condizioni igieniche insufficienti nei bagni della struttura.,Strutture socio-sanitarie
Qualità assistenza insufficiente [SEP] Il progetto terapeutico riabilitativo non è stato aggiornato.,Strutture socio-sanitarie
Qualità assistenza insufficiente [SEP] La struttura ha aumentato le rette senza adeguato preavviso.,Strutture socio-sanitarie
Problemi struttura residenziale [SEP] Il personale è insufficiente nelle ore di punta della mattina.,Strutture socio-sanitarie
Problemi struttura residenziale [SEP] Non è stato attivato il servizio di trasporto per i frequentatori del centro diurno.,Strutture socio-sanitarie
Lista d'attesa centro diurno [SEP] Il progetto terapeutico riabilitativo non è stato aggiornato.,Strutture socio-sanitarie
Qualità assistenza insufficiente [SEP] La struttura non dispone di spazi verdi accessibili per attività all'aperto.,Strutture socio-sanitarie
Qualità assistenza insufficiente [SEP] Non vengono documentate le attività quotidiane svolte dall'ospite.,Strutture socio-sanitarie
Qualità assistenza insufficiente [SEP] Non sono previste attività di musicoterapia o arteterapia nella struttura.,Strutture socio-sanitarie
Lista d'attesa centro diurno [SEP] Non sono garantiti momenti di privacy adeguati per gli ospiti.,Strutture socio-sanitarie
Qualità assistenza insufficiente [SEP] Il centro semiresidenziale ha sospeso le attività per carenza di personale.,Strutture socio-sanitarie
Problemi struttura residenziale [SEP] La struttura non garantisce la continuità relazionale con gli educatori.,Strutture socio-sanitarie
Qualità assistenza insufficiente [SEP] L'ospite ha segnalato comportamenti inappropriati da parte di un operatore.,Strutture socio-sanitarie
Lista d'attesa centro diurno [SEP] Il piano di assistenza individuale non è stato aggiornato da oltre un anno.,Strutture socio-sanitarie
Qualità assistenza insufficiente [SEP] La struttura non ha adottato il protocollo antiviolenza richiesto.,Strutture socio-sanitarie
Problemi struttura residenziale [SEP] Non è stato comunicato il cambio del responsabile del caso.,Strutture socio-sanitarie
Qualità assistenza insufficiente [SEP] Non vengono organizzati incontri periodici tra famiglie e operatori.,Strutture socio-sanitarie
Qualità assistenza insufficiente [SEP] La famiglia chiede il trasferimento in una struttura più vicina al domicilio.,Strutture socio-sanitarie
Problemi struttura residenziale [SEP] Non sono stati attivati percorsi di autonomia per gli ospiti.,Strutture socio-sanitarie
Problemi struttura residenziale [SEP] Non è disponibile una figura di mediatore familiare nella struttura.,Strutture socio-sanitarie
Qualità assistenza insufficiente [SEP] Non viene effettuata la verifica periodica del progetto di vita dell'ospite.,Strutture socio-sanitarie
Problemi struttura residenziale [SEP] Non è disponibile una figura di mediatore familiare nella struttura.,Strutture socio-sanitarie
Lista d'attesa centro diurno [SEP] La struttura non garantisce la continuità relazionale con gli educatori.,Strutture socio-sanitarie
Qualità assistenza insufficiente [SEP] La struttura residenziale non garantisce personale sufficiente durante la notte.,Strutture socio-sanitarie
Lista d'attesa centro diurno [SEP] Non è disponibile una figura di mediatore familiare nella struttura.,Strutture socio-sanitarie
Lista d'attesa centro diurno [SEP] Non è stata effettuata la valutazione multidimensionale aggiornata.,Strutture socio-sanitarie
Problemi struttura residenziale [SEP] Non vengono organizzati incontri periodici tra famiglie e operatori.,Strutture socio-sanitarie
Lista d'attesa centro diurno [SEP] La struttura ha aumentato le rette senza adeguato preavviso.,Strutture socio-sanitarie
Qualità assistenza insufficiente [SEP] La struttura non dispone di un medico di riferimento interno.,Strutture socio-sanitarie
Qualità assistenza insufficiente [SEP] Non viene effettuata la verifica periodica del progetto di vita dell'ospite.,Strutture socio-sanitarie
Qualità assistenza insufficiente [SEP] La qualità del pasto non è conforme alle indicazioni del medico.,Strutture socio-sanitarie
Qualità assistenza insufficiente [SEP] Non vengono garantite uscite sul territorio per gli ospiti della RSA.,Strutture socio-sanitarie
Lista d'attesa centro diurno [SEP] L'orario di apertura del centro diurno non è compatibile con le esigenze lavorative dei caregiver.,Strutture socio-sanitarie
Qualità assistenza insufficiente [SEP] Non viene effettuata la verifica periodica del progetto di vita dell'ospite.,Strutture socio-sanitarie
Problemi struttura residenziale [SEP] La casa famiglia non è dotata di ausili adeguati per persone non deambulanti.,Strutture socio-sanitarie
Problemi struttura residenziale [SEP] Il servizio di assistenza nella struttura è stato ridotto senza preavviso.,Strutture socio-sanitarie
Lista d'attesa centro diurno [SEP] La struttura residenziale non dispone di uno psicologo dedicato.,Strutture socio-sanitarie
Problemi struttura residenziale [SEP] L'orario di apertura del centro diurno non è compatibile con le esigenze lavorative dei caregiver.,Strutture socio-sanitarie
Qualità assistenza insufficiente [SEP] L'ospite ha segnalato comportamenti inappropriati da parte di un operatore.,Strutture socio-sanitarie
Lista d'attesa centro diurno [SEP] La struttura non ha comunicato i criteri per la graduatoria di accesso.,Strutture socio-sanitarie
Lista d'attesa centro diurno [SEP] La casa famiglia non è dotata di ausili adeguati per persone non deambulanti.,Strutture socio-sanitarie
Lista d'attesa centro diurno [SEP] Il piano di assistenza individuale non è stato aggiornato da oltre un anno.,Strutture socio-sanitarie
Lista d'attesa centro diurno [SEP] Non vengono organizzati incontri periodici tra famiglie e operatori.,Strutture socio-sanitarie
Lista d'attesa centro diurno [SEP] La struttura non dispone di un piano di uscita per le emergenze accessibile.,Strutture socio-sanitarie
Qualità assistenza insufficiente [SEP] Non è stato rinnovato il contratto con l'educatore professionale.,Strutture socio-sanitarie
Problemi struttura residenziale [SEP] La lista d'attesa per il centro diurno supera i 12 mesi.,Strutture socio-sanitarie
Problemi struttura residenziale [SEP] La casa famiglia non è dotata di ausili adeguati per persone non deambulanti.,Strutture socio-sanitarie
Lista d'attesa centro diurno [SEP] La struttura non garantisce la continuità relazionale con gli educatori.,Strutture socio-sanitarie
Qualità assistenza insufficiente [SEP] La struttura non dispone di un medico di riferimento interno.,Strutture socio-sanitarie
Lista d'attesa centro diurno [SEP] Non vengono documentate le attività quotidiane svolte dall'ospite.,Strutture socio-sanitarie
Problemi struttura residenziale [SEP] La struttura non garantisce l'accesso a un'assistente sociale di riferimento.,Strutture socio-sanitarie
Lista d'attesa centro diurno [SEP] La struttura non dispone di tecnologie assistive per la comunicazione.,Strutture socio-sanitarie
Problemi struttura residenziale [SEP] Non sono stati attivati percorsi di autonomia per gli ospiti.,Strutture socio-sanitarie
Problemi struttura residenziale [SEP] Il centro semiresidenziale ha sospeso le attività per carenza di personale.,Strutture socio-sanitarie
Qualità assistenza insufficiente [SEP] Non vengono svolte attività ricreative nella residenza sanitaria.,Strutture socio-sanitarie
Problemi struttura residenziale [SEP] La casa famiglia non è dotata di ausili adeguati per persone non deambulanti.,Strutture socio-sanitarie
Lista d'attesa centro diurno [SEP] Non sono stati attivati percorsi di autonomia per gli ospiti.,Strutture socio-sanitarie
Qualità assistenza insufficiente [SEP] Il centro diurno non ha posti disponibili per l'inserimento del nostro assistito.,Strutture socio-sanitarie
Lista d'attesa centro diurno [SEP] Il piano di assistenza individuale non è stato aggiornato da oltre un anno.,Strutture socio-sanitarie
Lista d'attesa centro diurno [SEP] Il centro diurno non ha posti disponibili per l'inserimento del nostro assistito.,Strutture socio-sanitarie
Qualità assistenza insufficiente [SEP] La casa famiglia non è dotata di ausili adeguati per persone non deambulanti.,Strutture socio-sanitarie
Qualità assistenza insufficiente [SEP] La struttura non ha rispettato il progetto individuale concordato.,Strutture socio-sanitarie
Lista d'attesa centro diurno [SEP] La struttura ha aumentato le rette senza adeguato preavviso.,Strutture socio-sanitarie
Problemi struttura residenziale [SEP] Non è stato redatto il piano di dimissione protetta al termine del ricovero.,Strutture socio-sanitarie
Qualità assistenza insufficiente [SEP] La struttura non collabora con il medico di medicina generale dell'ospite.,Strutture socio-sanitarie
Lista d'attesa centro diurno [SEP] La struttura non dispone di tecnologie assistive per la comunicazione.,Strutture socio-sanitarie
Problemi struttura residenziale [SEP] La qualità del pasto non è conforme alle indicazioni del medico.,Strutture socio-sanitarie
Problemi struttura residenziale [SEP] Non vengono rispettati i tempi dei pasti previsti nel regolamento.,Strutture socio-sanitarie
Problemi struttura residenziale [SEP] La qualità del pasto non è conforme alle indicazioni del medico.,Strutture socio-sanitarie
Problemi struttura residenziale [SEP] Non sono garantiti momenti di privacy adeguati per gli ospiti.,Strutture socio-sanitarie
Lista d'attesa centro diurno [SEP] Non vengono documentate le attività quotidiane svolte dall'ospite.,Strutture socio-sanitarie
Problemi struttura residenziale [SEP] Non è stato comunicato il cambio del responsabile del caso.,Strutture socio-sanitarie
Lista d'attesa centro diurno [SEP] La qualità del pasto non è conforme alle indicazioni del medico.,Strutture socio-sanitarie
Problemi struttura residenziale [SEP] Non vengono rispettati i tempi dei pasti previsti nel regolamento.,Strutture socio-sanitarie
Lista d'attesa centro diurno [SEP] L'accesso ai familiari è stato limitato senza motivazione clinica.,Strutture socio-sanitarie
Qualità assistenza insufficiente [SEP] La struttura non dispone di tecnologie assistive per la comunicazione.,Strutture socio-sanitarie
Qualità assistenza insufficiente [SEP] La struttura non dispone di tecnologie assistive per la comunicazione.,Strutture socio-sanitarie
Problemi struttura residenziale [SEP] L'ospite segnala condizioni igieniche insufficienti nei bagni della struttura.,Strutture socio-sanitarie
Problemi struttura residenziale [SEP] La struttura ha aumentato le rette senza adeguato preavviso.,Strutture socio-sanitarie
Lista d'attesa centro diurno [SEP] La struttura non ha adottato il protocollo antiviolenza richiesto.,Strutture socio-sanitarie
Problemi struttura residenziale [SEP] L'ospite ha segnalato comportamenti inappropriati da parte di un operatore.,Strutture socio-sanitarie
Lista d'attesa centro diurno [SEP] La famiglia chiede il trasferimento in una struttura più vicina al domicilio.,Strutture socio-sanitarie
Problemi struttura residenziale [SEP] La struttura non ha rispettato il progetto individuale concordato.,Strutture socio-sanitarie
Lista d'attesa centro diurno [SEP] Non sono previste attività di musicoterapia o arteterapia nella struttura.,Strutture socio-sanitarie
Problemi struttura residenziale [SEP] Non vengono svolte attività ricreative nella residenza sanitaria.,Strutture socio-sanitarie
Lista d'attesa centro diurno [SEP] La struttura non garantisce la continuità relazionale con gli educatori.,Strutture socio-sanitarie
Qualità assistenza insufficiente [SEP] Non vengono somministrati i farmaci nelle dosi e nei tempi prescritti.,Strutture socio-sanitarie
Qualità assistenza insufficiente [SEP] Non sono garantiti momenti di privacy adeguati per gli ospiti.,Strutture socio-sanitarie
Qualità assistenza insufficiente [SEP] L'orario di apertura del centro diurno non è compatibile con le esigenze lavorative dei caregiver.,Strutture socio-sanitarie
Problemi struttura residenziale [SEP] Non vengono organizzati incontri periodici tra famiglie e operatori.,Strutture socio-sanitarie
Lista d'attesa centro diurno [SEP] L'accesso alla struttura è difficoltoso per i visitatori con disabilità motoria.,Strutture socio-sanitarie
Problemi struttura residenziale [SEP] Il piano di assistenza individuale non è stato aggiornato da oltre un anno.,Strutture socio-sanitarie
Qualità assistenza insufficiente [SEP] La struttura non ha comunicato i criteri per la graduatoria di accesso.,Strutture socio-sanitarie
Lista d'attesa centro diurno [SEP] La struttura non ha adottato il protocollo antiviolenza richiesto.,Strutture socio-sanitarie
Lista d'attesa centro diurno [SEP] Non sono previste attività di musicoterapia o arteterapia nella struttura.,Strutture socio-sanitarie
Lista d'attesa centro diurno [SEP] Il piano di assistenza individuale non è stato aggiornato da oltre un anno.,Strutture socio-sanitarie
Problemi struttura residenziale [SEP] Non è stato attivato il servizio di trasporto per i frequentatori del centro diurno.,Strutture socio-sanitarie
Qualità assistenza insufficiente [SEP] La struttura residenziale non garantisce personale sufficiente durante la notte.,Strutture socio-sanitarie
Qualità assistenza insufficiente [SEP] La struttura non garantisce la continuità relazionale con gli educatori.,Strutture socio-sanitarie
Lista d'attesa centro diurno [SEP] Il centro semiresidenziale ha sospeso le attività per carenza di personale.,Strutture socio-sanitarie
Qualità assistenza insufficiente [SEP] La struttura non ha adottato il protocollo antiviolenza richiesto.,Strutture socio-sanitarie
Lista d'attesa centro diurno [SEP] Non è stato comunicato il cambio del responsabile del caso.,Strutture socio-sanitarie
Qualità assistenza insufficiente [SEP] La struttura non ha procedure per la gestione delle crisi comportamentali.,Strutture socio-sanitarie
Lista d'attesa centro diurno [SEP] La struttura non dispone di un medico di riferimento interno.,Strutture socio-sanitarie
Lista d'attesa centro diurno [SEP] La struttura ospita persone con profili di bisogno molto diversi senza separazione.,Strutture socio-sanitarie
Problemi struttura residenziale [SEP] Non è stata effettuata la valutazione multidimensionale aggiornata.,Strutture socio-sanitarie
Lista d'attesa centro diurno [SEP] L'accesso alla struttura è difficoltoso per i visitatori con disabilità motoria.,Strutture socio-sanitarie
Problemi struttura residenziale [SEP] La struttura ha aumentato le rette senza adeguato preavviso.,Strutture socio-sanitarie
Qualità assistenza insufficiente [SEP] L'ospite segnala condizioni igieniche insufficienti nei bagni della struttura.,Strutture socio-sanitarie
Qualità assistenza insufficiente [SEP] Non sono garantiti momenti di privacy adeguati per gli ospiti.,Strutture socio-sanitarie
Problemi struttura residenziale [SEP] La struttura ospita persone con profili di bisogno molto diversi senza separazione.,Strutture socio-sanitarie
Problemi struttura residenziale [SEP] La struttura residenziale non dispone di uno psicologo dedicato.,Strutture socio-sanitarie
Problemi struttura residenziale [SEP] L'accesso ai familiari è stato limitato senza motivazione clinica.,Strutture socio-sanitarie
Qualità assistenza insufficiente [SEP] Il servizio di assistenza nella struttura è stato ridotto senza preavviso.,Strutture socio-sanitarie
Lista d'attesa centro diurno [SEP] Il piano di assistenza individuale non è stato aggiornato da oltre un anno.,Strutture socio-sanitarie
Qualità assistenza insufficiente [SEP] La famiglia chiede il trasferimento in una struttura più vicina al domicilio.,Strutture socio-sanitarie
Problemi struttura residenziale [SEP] L'ospite non partecipa ad alcuna attività per mancanza di stimolazione.,Strutture socio-sanitarie
Lista d'attesa centro diurno [SEP] La famiglia chiede il trasferimento in una struttura più vicina al domicilio.,Strutture socio-sanitarie
Problemi struttura residenziale [SEP] Non è stato redatto il piano di dimissione protetta al termine del ricovero.,Strutture socio-sanitarie
Lista d'attesa centro diurno [SEP] Il personale è insufficiente nelle ore di punta della mattina.,Strutture socio-sanitarie
Lista d'attesa centro diurno [SEP] L'accesso alla struttura è difficoltoso per i visitatori con disabilità motoria.,Strutture socio-sanitarie
Qualità assistenza insufficiente [SEP] Il regolamento interno della struttura non è stato comunicato alla famiglia.,Strutture socio-sanitarie
Qualità assistenza insufficiente [SEP] Non sono garantiti momenti di privacy adeguati per gli ospiti.,Strutture socio-sanitarie
Lista d'attesa centro diurno [SEP] L'ospite segnala condizioni igieniche insufficienti nei bagni della struttura.,Strutture socio-sanitarie
Lista d'attesa centro diurno [SEP] La struttura residenziale non garantisce personale sufficiente durante la notte.,Strutture socio-sanitarie
Lista d'attesa centro diurno [SEP] Non vengono documentate le attività quotidiane svolte dall'ospite.,Strutture socio-sanitarie
Lista d'attesa centro diurno [SEP] La struttura residenziale non garantisce personale sufficiente durante la notte.,Strutture socio-sanitarie
Problemi struttura residenziale [SEP] Non vengono svolte attività ricreative nella residenza sanitaria.,Strutture socio-sanitarie
Problemi struttura residenziale [SEP] La struttura non collabora con il medico di medicina generale dell'ospite.,Strutture socio-sanitarie
Qualità assistenza insufficiente [SEP] Il regolamento interno della struttura non è stato comunicato alla famiglia.,Strutture socio-sanitarie
Problemi struttura residenziale [SEP] Non vengono svolte attività ricreative nella residenza sanitaria.,Strutture socio-sanitarie
Problemi struttura residenziale [SEP] La struttura non ha adottato il protocollo antiviolenza richiesto.,Strutture socio-sanitarie
Qualità assistenza insufficiente [SEP] La struttura ha aumentato le rette senza adeguato preavviso.,Strutture socio-sanitarie
Lista d'attesa centro diurno [SEP] Il centro semiresidenziale ha sospeso le attività per carenza di personale.,Strutture socio-sanitarie
Problemi struttura residenziale [SEP] Il personale non ha ricevuto formazione specifica per la gestione dell'autismo.,Strutture socio-sanitarie
Problemi struttura residenziale [SEP] La struttura non collabora con il medico di medicina generale dell'ospite.,Strutture socio-sanitarie
Problemi struttura residenziale [SEP] Non vengono somministrati i farmaci nelle dosi e nei tempi prescritti.,Strutture socio-sanitarie
Qualità assistenza insufficiente [SEP] La struttura residenziale non dispone di uno psicologo dedicato.,Strutture socio-sanitarie
Lista d'attesa centro diurno [SEP] La lista d'attesa per il centro diurno supera i 12 mesi.,Strutture socio-sanitarie
Qualità assistenza insufficiente [SEP] La casa famiglia non è dotata di ausili adeguati per persone non deambulanti.,Strutture socio-sanitarie
Problemi struttura residenziale [SEP] Non vengono svolte attività ricreative nella residenza sanitaria.,Strutture socio-sanitarie
Lista d'attesa centro diurno [SEP] Il centro diurno non ha posti disponibili per l'inserimento del nostro assistito.,Strutture socio-sanitarie
Problemi struttura residenziale [SEP] L'ospite non può ricevere visite nelle fasce orarie che preferisce.,Strutture socio-sanitarie
Qualità assistenza insufficiente [SEP] La struttura non garantisce l'accesso a un'assistente sociale di riferimento.,Strutture socio-sanitarie
Qualità assistenza insufficiente [SEP] Non sono previste attività di musicoterapia o arteterapia nella struttura.,Strutture socio-sanitarie
Qualità assistenza insufficiente [SEP] La struttura non collabora con il medico di medicina generale dell'ospite.,Strutture socio-sanitarie
Lista d'attesa centro diurno [SEP] La struttura non dispone di un piano di uscita per le emergenze accessibile.,Strutture socio-sanitarie
Problemi struttura residenziale [SEP] Il progetto terapeutico riabilitativo non è stato aggiornato.,Strutture socio-sanitarie
Qualità assistenza insufficiente [SEP] Non sono garantiti momenti di privacy adeguati per gli ospiti.,Strutture socio-sanitarie
Qualità assistenza insufficiente [SEP] La struttura non dispone di tecnologie assistive per la comunicazione.,Strutture socio-sanitarie
Qualità assistenza insufficiente [SEP] La famiglia chiede il trasferimento in una struttura più vicina al domicilio.,Strutture socio-sanitarie
Mancato accomodamento ragionevole [SEP] Il dipendente segnala di essere escluso dalle riunioni aziendali.,Rapporti con datori di lavoro
Discriminazione lavorativa disabilità [SEP] Il datore di lavoro non ha adattato la postazione di lavoro alla disabilità del dipendente.,Rapporti con datori di lavoro
Permessi legge 104 negati [SEP] L'azienda non ha applicato le agevolazioni fiscali previste per l'assunzione di disabili.,Rapporti con datori di lavoro
Permessi legge 104 negati [SEP] Non sono state messe a disposizione attrezzature di sicurezza adeguate.,Rapporti con datori di lavoro
Discriminazione lavorativa disabilità [SEP] Il datore di lavoro ha rifiutato di applicare la valutazione del rischio per i lavoratori disabili.,Rapporti con datori di lavoro
Discriminazione lavorativa disabilità [SEP] Il lavoratore con disabilità non riceve la stessa formazione degli altri colleghi.,Rapporti con datori di lavoro
Mancato accomodamento ragionevole [SEP] Non è stata garantita la sorveglianza sanitaria specifica per il lavoratore.,Rapporti con datori di lavoro
Discriminazione lavorativa disabilità [SEP] Il lavoratore chiede supporto per rinegoziare le condizioni contrattuali.,Rapporti con datori di lavoro
Permessi legge 104 negati [SEP] L'azienda non ha adeguato gli spazi comuni alle esigenze del dipendente.,Rapporti con datori di lavoro
Permessi legge 104 negati [SEP] Il lavoratore con disabilità psichica è stato messo in una posizione non adeguata.,Rapporti con datori di lavoro
Permessi legge 104 negati [SEP] Il datore di lavoro non ha risposto alla richiesta di modifica dei turni.,Rapporti con datori di lavoro
Mancato accomodamento ragionevole [SEP] Non sono stati forniti gli ausili tecnologici richiesti per lo svolgimento del lavoro.,Rapporti con datori di lavoro
Discriminazione lavorativa disabilità [SEP] Non è stato effettuato il collocamento mirato richiesto dall'ufficio competente.,Rapporti con datori di lavoro
Mancato accomodamento ragionevole [SEP] Il dipendente non è stato informato delle opportunità di formazione continua.,Rapporti con datori di lavoro
Permessi legge 104 negati [SEP] Il datore di lavoro ha rifiutato di attivare convenzioni con i Centri per l'impiego.,Rapporti con datori di lavoro
Permessi legge 104 negati [SEP] Il datore di lavoro non ha applicato le deduzioni fiscali per i lavoratori con disabilità.,Rapporti con datori di lavoro
Permessi legge 104 negati [SEP] Il lavoratore è stato declassato senza giustificazione dopo la diagnosi di disabilità.,Rapporti con datori di lavoro
Mancato accomodamento ragionevole [SEP] Il dipendente segnala pressioni affinché si dimetta volontariamente.,Rapporti con datori di lavoro
Permessi legge 104 negati [SEP] Il datore di lavoro non ha risposto alla richiesta di modifica dei turni.,Rapporti con datori di lavoro
Permessi legge 104 negati [SEP] Il dipendente non è stato informato delle opportunità di formazione continua.,Rapporti con datori di lavoro
Discriminazione lavorativa disabilità [SEP] Il lavoratore è stato declassato senza giustificazione dopo la diagnosi di disabilità.,Rapporti con datori di lavoro
Discriminazione lavorativa disabilità [SEP] Il contratto non include clausole di protezione per le persone con disabilità cronica.,Rapporti con datori di lavoro
Discriminazione lavorativa disabilità [SEP] Non è stato attivato il percorso di accompagnamento al lavoro previsto.,Rapporti con datori di lavoro
Mancato accomodamento ragionevole [SEP] Il dipendente segnala pressioni affinché si dimetta volontariamente.,Rapporti con datori di lavoro
Mancato accomodamento ragionevole [SEP] Non sono stati rispettati i tempi di risposta alla convocazione dei servizi per l'impiego.,Rapporti con datori di lavoro
Discriminazione lavorativa disabilità [SEP] Il lavoratore lamenta condizioni di lavoro discriminatorie rispetto ai colleghi.,Rapporti con datori di lavoro
Mancato accomodamento ragionevole [SEP] Il dipendente non è stato informato delle opportunità di formazione continua.,Rapporti con datori di lavoro
Mancato accomodamento ragionevole [SEP] L'azienda non ha comunicato i risultati della valutazione dei rischi.,Rapporti con datori di lavoro
Discriminazione lavorativa disabilità [SEP] Il datore di lavoro ha negato il telelavoro nonostante la certificazione medica.,Rapporti con datori di lavoro
Mancato accomodamento ragionevole [SEP] Il lavoratore è stato declassato senza giustificazione dopo la diagnosi di disabilità.,Rapporti con datori di lavoro
Mancato accomodamento ragionevole [SEP] Il datore di lavoro non ha adattato la postazione di lavoro alla disabilità del dipendente.,Rapporti con datori di lavoro
Discriminazione lavorativa disabilità [SEP] Il datore di lavoro ha rifiutato di applicare la valutazione del rischio per i lavoratori disabili.,Rapporti con datori di lavoro
Permessi legge 104 negati [SEP] Il lavoratore con disabilità è stato trasferito senza il suo consenso.,Rapporti con datori di lavoro
Mancato accomodamento ragionevole [SEP] L'azienda ha licenziato il dipendente durante il periodo di malattia.,Rapporti con datori di lavoro
Discriminazione lavorativa disabilità [SEP] Il lavoratore è stato escluso dai benefici aziendali riservati al personale.,Rapporti con datori di lavoro
Permessi legge 104 negati [SEP] Il dipendente segnala pressioni affinché si dimetta volontariamente.,Rapporti con datori di lavoro
Discriminazione lavorativa disabilità [SEP] L'azienda non ha comunicato i risultati della valutazione dei rischi.,Rapporti con datori di lavoro
Mancato accomodamento ragionevole [SEP] Non è stato effettuato il collocamento mirato richiesto dall'ufficio competente.,Rapporti con datori di lavoro
Discriminazione lavorativa disabilità [SEP] Il datore di lavoro ha rifiutato di applicare la valutazione del rischio per i lavoratori disabili.,Rapporti con datori di lavoro
Permessi legge 104 negati [SEP] L'azienda non ha predisposto un piano di emergenza accessibile per il lavoratore.,Rapporti con datori di lavoro
Discriminazione lavorativa disabilità [SEP] Il datore di lavoro ha chiesto al dipendente di svolgere mansioni non compatibili con la sua disabilità.,Rapporti con datori di lavoro
Mancato accomodamento ragionevole [SEP] Il dipendente segnala di essere escluso dalle riunioni aziendali.,Rapporti con datori di lavoro
Discriminazione lavorativa disabilità [SEP] Non è stato effettuato il collocamento mirato richiesto dall'ufficio competente.,Rapporti con datori di lavoro
Permessi legge 104 negati [SEP] Il datore di lavoro ha rifiutato di attivare convenzioni con i Centri per l'impiego.,Rapporti con datori di lavoro
Permessi legge 104 negati [SEP] Non è stato predisposto un piano di sicurezza personalizzato per il disabile.,Rapporti con datori di lavoro
Permessi legge 104 negati [SEP] Il contratto non include clausole di protezione per le persone con disabilità cronica.,Rapporti con datori di lavoro
Discriminazione lavorativa disabilità [SEP] L'azienda non ha predisposto un piano di emergenza accessibile per il lavoratore.,Rapporti con datori di lavoro
Permessi legge 104 negati [SEP] Il lavoratore non ha ricevuto la valutazione periodica delle performance.,Rapporti con datori di lavoro
Discriminazione lavorativa disabilità [SEP] Non è stato effettuato il collocamento mirato richiesto dall'ufficio competente.,Rapporti con datori di lavoro
Mancato accomodamento ragionevole [SEP] Non è stata rispettata la riservatezza dei dati sensibili del dipendente.,Rapporti con datori di lavoro
Discriminazione lavorativa disabilità [SEP] Non è stata rispettata la normativa sul divieto di discriminazione per disabilità.,Rapporti con datori di lavoro
Permessi legge 104 negati [SEP] Non è stato rispettato l'orario ridotto concordato con il medico del lavoro.,Rapporti con datori di lavoro
Permessi legge 104 negati [SEP] Il lavoratore con disabilità psichica è stato messo in una posizione non adeguata.,Rapporti con datori di lavoro
Permessi legge 104 negati [SEP] Il datore di lavoro ha chiesto al dipendente di svolgere mansioni non compatibili con la sua disabilità.,Rapporti con datori di lavoro
Mancato accomodamento ragionevole [SEP] L'azienda non ha applicato le agevolazioni fiscali previste per l'assunzione di disabili.,Rapporti con datori di lavoro
Discriminazione lavorativa disabilità [SEP] Il lavoratore chiede che venga applicato il piano di accomodamento ragionevole.,Rapporti con datori di lavoro
Permessi legge 104 negati [SEP] Il lavoratore è stato escluso dai benefici aziendali riservati al personale.,Rapporti con datori di lavoro
Permessi legge 104 negati [SEP] Il dipendente non è stato informato delle opportunità di formazione continua.,Rapporti con datori di lavoro
Permessi legge 104 negati [SEP] Il datore di lavoro ha rifiutato di attivare convenzioni con i Centri per l'impiego.,Rapporti con datori di lavoro
Mancato accomodamento ragionevole [SEP] Il contratto di lavoro non prevede le clausole di tutela per i lavoratori con disabilità.,Rapporti con datori di lavoro
Discriminazione lavorativa disabilità [SEP] Il datore di lavoro si rifiuta di concedere i permessi ex legge 104.,Rapporti con datori di lavoro
Discriminazione lavorativa disabilità [SEP] Non sono state messe a disposizione attrezzature di sicurezza adeguate.,Rapporti con datori di lavoro
Mancato accomodamento ragionevole [SEP] Il lavoratore chiede supporto per rinegoziare le condizioni contrattuali.,Rapporti con datori di lavoro
Discriminazione lavorativa disabilità [SEP] Il datore di lavoro ha rifiutato di attivare convenzioni con i Centri per l'impiego.,Rapporti con datori di lavoro
Mancato accomodamento ragionevole [SEP] Non è stata rispettata la riservatezza dei dati sensibili del dipendente.,Rapporti con datori di lavoro
Discriminazione lavorativa disabilità [SEP] Il lavoratore con disabilità è stato trasferito senza il suo consenso.,Rapporti con datori di lavoro
Discriminazione lavorativa disabilità [SEP] Il dipendente segnala di essere ignorato nelle comunicazioni interne.,Rapporti con datori di lavoro
Permessi legge 104 negati [SEP] Non vengono riconosciuti i diritti di carriera al lavoratore con disabilità.,Rapporti con datori di lavoro
Mancato accomodamento ragionevole [SEP] Non è stato attivato il percorso di reinserimento lavorativo dopo un lungo periodo di malattia.,Rapporti con datori di lavoro
Mancato accomodamento ragionevole [SEP] Non è stata rispettata la riservatezza dei dati sensibili del dipendente.,Rapporti con datori di lavoro
Permessi legge 104 negati [SEP] Il lavoratore è stato escluso dai benefici aziendali riservati al personale.,Rapporti con datori di lavoro
Permessi legge 104 negati [SEP] Non è stato attivato il percorso di reinserimento lavorativo dopo un lungo periodo di malattia.,Rapporti con datori di lavoro
Permessi legge 104 negati [SEP] Non vengono riconosciuti i diritti di carriera al lavoratore con disabilità.,Rapporti con datori di lavoro
Discriminazione lavorativa disabilità [SEP] Non viene garantita la flessibilità oraria necessaria per le terapie mediche.,Rapporti con datori di lavoro
Mancato accomodamento ragionevole [SEP] Il lavoratore con disabilità è stato trasferito senza il suo consenso.,Rapporti con datori di lavoro
Discriminazione lavorativa disabilità [SEP] Il dipendente segnala di essere escluso dalle riunioni aziendali.,Rapporti con datori di lavoro
Mancato accomodamento ragionevole [SEP] Il dipendente segnala di essere ignorato nelle comunicazioni interne.,Rapporti con datori di lavoro
Discriminazione lavorativa disabilità [SEP] Il datore di lavoro non ha risposto alla richiesta di modifica dei turni.,Rapporti con datori di lavoro
Mancato accomodamento ragionevole [SEP] È stato segnalato un licenziamento illegittimo di un lavoratore con disabilità.,Rapporti con datori di lavoro
Mancato accomodamento ragionevole [SEP] L'azienda non ha comunicato i risultati della valutazione dei rischi.,Rapporti con datori di lavoro
Discriminazione lavorativa disabilità [SEP] L'azienda non ha adeguato gli spazi comuni alle esigenze del dipendente.,Rapporti con datori di lavoro
Discriminazione lavorativa disabilità [SEP] Il lavoratore lamenta condizioni di lavoro discriminatorie rispetto ai colleghi.,Rapporti con datori di lavoro
Permessi legge 104 negati [SEP] Il responsabile HR non risponde alle richieste del lavoratore con disabilità.,Rapporti con datori di lavoro
Permessi legge 104 negati [SEP] Il lavoratore lamenta condizioni di lavoro discriminatorie rispetto ai colleghi.,Rapporti con datori di lavoro
Discriminazione lavorativa disabilità [SEP] L'azienda non ha comunicato i diritti del lavoratore con certificazione di disabilità.,Rapporti con datori di lavoro
Discriminazione lavorativa disabilità [SEP] L'azienda non ha predisposto un piano di emergenza accessibile per il lavoratore.,Rapporti con datori di lavoro
Discriminazione lavorativa disabilità [SEP] Il datore di lavoro non ha risposto alla richiesta di modifica dei turni.,Rapporti con datori di lavoro
Permessi legge 104 negati [SEP] Non sono state messe a disposizione attrezzature di sicurezza adeguate.,Rapporti con datori di lavoro
Permessi legge 104 negati [SEP] Il datore di lavoro non ha risposto alla richiesta di modifica dei turni.,Rapporti con datori di lavoro
Permessi legge 104 negati [SEP] Il lavoratore è stato escluso dai benefici aziendali riservati al personale.,Rapporti con datori di lavoro
Mancato accomodamento ragionevole [SEP] Il datore di lavoro ha chiesto al dipendente di svolgere mansioni non compatibili con la sua disabilità.,Rapporti con datori di lavoro
Permessi legge 104 negati [SEP] L'azienda non ha comunicato i risultati della valutazione dei rischi.,Rapporti con datori di lavoro
Permessi legge 104 negati [SEP] L'azienda non ha comunicato i risultati della valutazione dei rischi.,Rapporti con datori di lavoro
Mancato accomodamento ragionevole [SEP] L'azienda non ha comunicato i risultati della valutazione dei rischi.,Rapporti con datori di lavoro
Mancato accomodamento ragionevole [SEP] Il datore di lavoro si rifiuta di concedere i permessi ex legge 104.,Rapporti con datori di lavoro
Permessi legge 104 negati [SEP] Non vengono riconosciuti i diritti di carriera al lavoratore con disabilità.,Rapporti con datori di lavoro
Mancato accomodamento ragionevole [SEP] L'azienda non ha rinnovato il contratto a scadenza senza fornire spiegazioni.,Rapporti con datori di lavoro
Permessi legge 104 negati [SEP] Il contratto non include clausole di protezione per le persone con disabilità cronica.,Rapporti con datori di lavoro
Discriminazione lavorativa disabilità [SEP] Il dipendente segnala pressioni affinché si dimetta volontariamente.,Rapporti con datori di lavoro
Permessi legge 104 negati [SEP] Il dipendente segnala di essere escluso dalle riunioni aziendali.,Rapporti con datori di lavoro
Discriminazione lavorativa disabilità [SEP] Il dipendente segnala pressioni affinché si dimetta volontariamente.,Rapporti con datori di lavoro
Mancato accomodamento ragionevole [SEP] Il datore di lavoro non ha risposto alla richiesta di modifica dei turni.,Rapporti con datori di lavoro
Mancato accomodamento ragionevole [SEP] Non è stato attivato il percorso di accompagnamento al lavoro previsto.,Rapporti con datori di lavoro
Discriminazione lavorativa disabilità [SEP] Il lavoratore chiede supporto per rinegoziare le condizioni contrattuali.,Rapporti con datori di lavoro
Mancato accomodamento ragionevole [SEP] L'azienda non ha rispettato le quote di riserva previste dalla legge 68/99.,Rapporti con datori di lavoro
Discriminazione lavorativa disabilità [SEP] Il contratto di lavoro non prevede le clausole di tutela per i lavoratori con disabilità.,Rapporti con datori di lavoro
Permessi legge 104 negati [SEP] L'azienda non ha rispettato le quote di riserva previste dalla legge 68/99.,Rapporti con datori di lavoro
Permessi legge 104 negati [SEP] Il datore di lavoro ha chiesto al dipendente di svolgere mansioni non compatibili con la sua disabilità.,Rapporti con datori di lavoro
Mancato accomodamento ragionevole [SEP] L'azienda ha licenziato il dipendente durante il periodo di malattia.,Rapporti con datori di lavoro
Permessi legge 104 negati [SEP] Non è stata rispettata la normativa sul divieto di discriminazione per disabilità.,Rapporti con datori di lavoro
Discriminazione lavorativa disabilità [SEP] Il datore di lavoro ha chiesto al dipendente di svolgere mansioni non compatibili con la sua disabilità.,Rapporti con datori di lavoro
Discriminazione lavorativa disabilità [SEP] Non vengono riconosciuti i diritti di carriera al lavoratore con disabilità.,Rapporti con datori di lavoro
Permessi legge 104 negati [SEP] Il contratto di lavoro non prevede le clausole di tutela per i lavoratori con disabilità.,Rapporti con datori di lavoro
Mancato accomodamento ragionevole [SEP] Il contratto non include clausole di protezione per le persone con disabilità cronica.,Rapporti con datori di lavoro
Mancato accomodamento ragionevole [SEP] Non sono stati rispettati i tempi di risposta alla convocazione dei servizi per l'impiego.,Rapporti con datori di lavoro
Permessi legge 104 negati [SEP] Non è stato attivato il percorso di reinserimento lavorativo dopo un lungo periodo di malattia.,Rapporti con datori di lavoro
Discriminazione lavorativa disabilità [SEP] Non è stata rispettata la riservatezza dei dati sensibili del dipendente.,Rapporti con datori di lavoro
Mancato accomodamento ragionevole [SEP] Il dipendente segnala pressioni affinché si dimetta volontariamente.,Rapporti con datori di lavoro
Discriminazione lavorativa disabilità [SEP] Il lavoratore chiede che venga applicato il piano di accomodamento ragionevole.,Rapporti con datori di lavoro
Discriminazione lavorativa disabilità [SEP] L'azienda ha licenziato il dipendente durante il periodo di malattia.,Rapporti con datori di lavoro
Permessi legge 104 negati [SEP] Il datore di lavoro non ha rispettato le indicazioni del medico competente.,Rapporti con datori di lavoro
Mancato accomodamento ragionevole [SEP] L'azienda non ha applicato le agevolazioni fiscali previste per l'assunzione di disabili.,Rapporti con datori di lavoro
Mancato accomodamento ragionevole [SEP] Il lavoratore con disabilità è stato trasferito senza il suo consenso.,Rapporti con datori di lavoro
Permessi legge 104 negati [SEP] L'azienda non ha comunicato i risultati della valutazione dei rischi.,Rapporti con datori di lavoro
Mancato accomodamento ragionevole [SEP] Non è stato attivato il percorso di accompagnamento al lavoro previsto.,Rapporti con datori di lavoro
Mancato accomodamento ragionevole [SEP] L'azienda ha licenziato il dipendente durante il periodo di malattia.,Rapporti con datori di lavoro
Permessi legge 104 negati [SEP] Il datore di lavoro non ha risposto alla richiesta di modifica dei turni.,Rapporti con datori di lavoro
Mancato accomodamento ragionevole [SEP] Il datore di lavoro ha negato il telelavoro nonostante la certificazione medica.,Rapporti con datori di lavoro
Mancato accomodamento ragionevole [SEP] Il dipendente non è stato informato delle opportunità di formazione continua.,Rapporti con datori di lavoro
Mancato accomodamento ragionevole [SEP] Il lavoratore chiede che venga applicato il piano di accomodamento ragionevole.,Rapporti con datori di lavoro
Permessi legge 104 negati [SEP] Il lavoratore è stato escluso dai benefici aziendali riservati al personale.,Rapporti con datori di lavoro
Discriminazione lavorativa disabilità [SEP] Il lavoratore non ha ricevuto la valutazione periodica delle performance.,Rapporti con datori di lavoro
Mancato accomodamento ragionevole [SEP] Non viene garantita la flessibilità oraria necessaria per le terapie mediche.,Rapporti con datori di lavoro
Permessi legge 104 negati [SEP] Il contratto non include clausole di protezione per le persone con disabilità cronica.,Rapporti con datori di lavoro
Mancato accomodamento ragionevole [SEP] Il lavoratore chiede che venga applicato il piano di accomodamento ragionevole.,Rapporti con datori di lavoro
Mancato accomodamento ragionevole [SEP] Il lavoratore chiede che venga applicato il piano di accomodamento ragionevole.,Rapporti con datori di lavoro
Permessi legge 104 negati [SEP] Il responsabile HR non risponde alle richieste del lavoratore con disabilità.,Rapporti con datori di lavoro
Discriminazione lavorativa disabilità [SEP] Non è stato predisposto un piano di sicurezza personalizzato per il disabile.,Rapporti con datori di lavoro
Mancato accomodamento ragionevole [SEP] L'azienda non ha predisposto un piano di emergenza accessibile per il lavoratore.,Rapporti con datori di lavoro
Discriminazione lavorativa disabilità [SEP] Non sono stati riconosciuti i giorni di permesso per accertamenti diagnostici.,Rapporti con datori di lavoro
Mancato accomodamento ragionevole [SEP] L'azienda non ha rinnovato il contratto a scadenza senza fornire spiegazioni.,Rapporti con datori di lavoro
Discriminazione lavorativa disabilità [SEP] Il lavoratore con disabilità è stato trasferito senza il suo consenso.,Rapporti con datori di lavoro
Mancato accomodamento ragionevole [SEP] Non è stata garantita la sorveglianza sanitaria specifica per il lavoratore.,Rapporti con datori di lavoro
Permessi legge 104 negati [SEP] Il datore di lavoro non ha adattato la postazione di lavoro alla disabilità del dipendente.,Rapporti con datori di lavoro
Permessi legge 104 negati [SEP] È stato segnalato un licenziamento illegittimo di un lavoratore con disabilità.,Rapporti con datori di lavoro
Permessi legge 104 negati [SEP] L'azienda ha licenziato il dipendente durante il periodo di malattia.,Rapporti con datori di lavoro
Mancato accomodamento ragionevole [SEP] Il contratto di lavoro non prevede le clausole di tutela per i lavoratori con disabilità.,Rapporti con datori di lavoro
Permessi legge 104 negati [SEP] Il lavoratore è stato declassato senza giustificazione dopo la diagnosi di disabilità.,Rapporti con datori di lavoro
Permessi legge 104 negati [SEP] Non sono stati rispettati i tempi di risposta alla convocazione dei servizi per l'impiego.,Rapporti con datori di lavoro
Discriminazione lavorativa disabilità [SEP] L'azienda non ha predisposto un piano di emergenza accessibile per il lavoratore.,Rapporti con datori di lavoro
Permessi legge 104 negati [SEP] Il lavoratore chiede supporto per rinegoziare le condizioni contrattuali.,Rapporti con datori di lavoro
Permessi legge 104 negati [SEP] L'azienda non ha predisposto un piano di emergenza accessibile per il lavoratore.,Rapporti con datori di lavoro
Mancato accomodamento ragionevole [SEP] L'azienda non ha comunicato i risultati della valutazione dei rischi.,Rapporti con datori di lavoro
Mancato accomodamento ragionevole [SEP] Non è stato attivato il tutoraggio aziendale previsto dalla convenzione.,Rapporti con datori di lavoro
Discriminazione lavorativa disabilità [SEP] Non è stata rispettata la normativa sul divieto di discriminazione per disabilità.,Rapporti con datori di lavoro
Mancato accomodamento ragionevole [SEP] Il datore di lavoro si rifiuta di concedere i permessi ex legge 104.,Rapporti con datori di lavoro
Permessi legge 104 negati [SEP] Il lavoratore è stato escluso dai benefici aziendali riservati al personale.,Rapporti con datori di lavoro
Permessi legge 104 negati [SEP] L'azienda non ha predisposto un piano di emergenza accessibile per il lavoratore.,Rapporti con datori di lavoro
Mancato accomodamento ragionevole [SEP] Il datore di lavoro non ha adattato la postazione di lavoro alla disabilità del dipendente.,Rapporti con datori di lavoro
Permessi legge 104 negati [SEP] L'azienda non ha predisposto un piano di emergenza accessibile per il lavoratore.,Rapporti con datori di lavoro
Permessi legge 104 negati [SEP] Non è stato attivato il percorso di reinserimento lavorativo dopo un lungo periodo di malattia.,Rapporti con datori di lavoro
Permessi legge 104 negati [SEP] Il datore di lavoro ha rifiutato di applicare la valutazione del rischio per i lavoratori disabili.,Rapporti con datori di lavoro
Permessi legge 104 negati [SEP] Il datore di lavoro ha negato il telelavoro nonostante la certificazione medica.,Rapporti con datori di lavoro
Discriminazione lavorativa disabilità [SEP] Il datore di lavoro ha negato il telelavoro nonostante la certificazione medica.,Rapporti con datori di lavoro
Discriminazione lavorativa disabilità [SEP] L'azienda non ha comunicato i risultati della valutazione dei rischi.,Rapporti con datori di lavoro
Discriminazione lavorativa disabilità [SEP] È stato segnalato un licenziamento illegittimo di un lavoratore con disabilità.,Rapporti con datori di lavoro
Discriminazione lavorativa disabilità [SEP] Il datore di lavoro ha rifiutato di applicare la valutazione del rischio per i lavoratori disabili.,Rapporti con datori di lavoro
Permessi legge 104 negati [SEP] Non sono stati rispettati i tempi di risposta alla convocazione dei servizi per l'impiego.,Rapporti con datori di lavoro
Permessi legge 104 negati [SEP] Il dipendente segnala di essere escluso dalle riunioni aziendali.,Rapporti con datori di lavoro
Mancato accomodamento ragionevole [SEP] È stato segnalato un licenziamento illegittimo di un lavoratore con disabilità.,Rapporti con datori di lavoro
Permessi legge 104 negati [SEP] Il dipendente segnala di essere ignorato nelle comunicazioni interne.,Rapporti con datori di lavoro
Mancato accomodamento ragionevole [SEP] Il dipendente non è stato informato delle opportunità di formazione continua.,Rapporti con datori di lavoro
Permessi legge 104 negati [SEP] L'azienda non ha partecipato agli incontri di mediazione convocati dal servizio.,Rapporti con datori di lavoro
Mancato accomodamento ragionevole [SEP] Il lavoratore con disabilità non riceve la stessa formazione degli altri colleghi.,Rapporti con datori di lavoro
Mancato accomodamento ragionevole [SEP] Il lavoratore chiede supporto per rinegoziare le condizioni contrattuali.,Rapporti con datori di lavoro
Mancato accomodamento ragionevole [SEP] L'azienda non ha rinnovato il contratto a scadenza senza fornire spiegazioni.,Rapporti con datori di lavoro
Mancato accomodamento ragionevole [SEP] Il datore di lavoro non ha adattato la postazione di lavoro alla disabilità del dipendente.,Rapporti con datori di lavoro
Discriminazione lavorativa disabilità [SEP] Non viene garantita la flessibilità oraria necessaria per le terapie mediche.,Rapporti con datori di lavoro
Discriminazione lavorativa disabilità [SEP] Non è stata rispettata la normativa sul divieto di discriminazione per disabilità.,Rapporti con datori di lavoro
Discriminazione lavorativa disabilità [SEP] Non è stato predisposto un piano di sicurezza personalizzato per il disabile.,Rapporti con datori di lavoro
Mancato accomodamento ragionevole [SEP] Il dipendente segnala di essere escluso dalle riunioni aziendali.,Rapporti con datori di lavoro
Permessi legge 104 negati [SEP] L'azienda non ha comunicato i risultati della valutazione dei rischi.,Rapporti con datori di lavoro
Permessi legge 104 negati [SEP] Non è stato attivato il tutoraggio aziendale previsto dalla convenzione.,Rapporti con datori di lavoro
Mancato accomodamento ragionevole [SEP] L'azienda ha licenziato il dipendente durante il periodo di malattia.,Rapporti con datori di lavoro
Mancato accomodamento ragionevole [SEP] Non è stata rispettata la riservatezza dei dati sensibili del dipendente.,Rapporti con datori di lavoro
Discriminazione lavorativa disabilità [SEP] Non sono state messe a disposizione attrezzature di sicurezza adeguate.,Rapporti con datori di lavoro
Discriminazione lavorativa disabilità [SEP] L'azienda non ha partecipato agli incontri di mediazione convocati dal servizio.,Rapporti con datori di lavoro
Discriminazione lavorativa disabilità [SEP] Il datore di lavoro ha rifiutato di attivare convenzioni con i Centri per l'impiego.,Rapporti con datori di lavoro
Mancato accomodamento ragionevole [SEP] Il datore di lavoro si rifiuta di concedere i permessi ex legge 104.,Rapporti con datori di lavoro
Discriminazione lavorativa disabilità [SEP] Il dipendente segnala di essere escluso dalle riunioni aziendali.,Rapporti con datori di lavoro
Mancato accomodamento ragionevole [SEP] Il dipendente non è stato informato delle opportunità di formazione continua.,Rapporti con datori di lavoro
Mancato accomodamento ragionevole [SEP] Il lavoratore chiede che venga applicato il piano di accomodamento ragionevole.,Rapporti con datori di lavoro
Permessi legge 104 negati [SEP] Il dipendente segnala di essere escluso dalle riunioni aziendali.,Rapporti con datori di lavoro
Permessi legge 104 negati [SEP] Non è stato effettuato il collocamento mirato richiesto dall'ufficio competente.,Rapporti con datori di lavoro
Discriminazione lavorativa disabilità [SEP] Non sono stati forniti gli ausili tecnologici richiesti per lo svolgimento del lavoro.,Rapporti con datori di lavoro
Discriminazione lavorativa disabilità [SEP] Il lavoratore con disabilità non riceve la stessa formazione degli altri colleghi.,Rapporti con datori di lavoro
Mancato accomodamento ragionevole [SEP] Il responsabile HR non risponde alle richieste del lavoratore con disabilità.,Rapporti con datori di lavoro
Permessi legge 104 negati [SEP] Non è stato predisposto un piano di sicurezza personalizzato per il disabile.,Rapporti con datori di lavoro
Mancato accomodamento ragionevole [SEP] L'azienda non ha predisposto un piano di emergenza accessibile per il lavoratore.,Rapporti con datori di lavoro
Mancato accomodamento ragionevole [SEP] Il datore di lavoro non ha rispettato le indicazioni del medico competente.,Rapporti con datori di lavoro
Permessi legge 104 negati [SEP] Il dipendente non è stato informato delle opportunità di formazione continua.,Rapporti con datori di lavoro
Discriminazione lavorativa disabilità [SEP] Il dipendente segnala pressioni affinché si dimetta volontariamente.,Rapporti con datori di lavoro
Discriminazione lavorativa disabilità [SEP] Il lavoratore non ha ricevuto la valutazione periodica delle performance.,Rapporti con datori di lavoro
Permessi legge 104 negati [SEP] Il lavoratore è stato declassato senza giustificazione dopo la diagnosi di disabilità.,Rapporti con datori di lavoro
Mancato accomodamento ragionevole [SEP] L'azienda non ha partecipato agli incontri di mediazione convocati dal servizio.,Rapporti con datori di lavoro
Permessi legge 104 negati [SEP] Il lavoratore con disabilità non riceve la stessa formazione degli altri colleghi.,Rapporti con datori di lavoro
Discriminazione lavorativa disabilità [SEP] Il lavoratore con disabilità è stato trasferito senza il suo consenso.,Rapporti con datori di lavoro
Mancato accomodamento ragionevole [SEP] L'azienda non ha adeguato gli spazi comuni alle esigenze del dipendente.,Rapporti con datori di lavoro
Mancato accomodamento ragionevole [SEP] L'azienda non ha applicato le agevolazioni fiscali previste per l'assunzione di disabili.,Rapporti con datori di lavoro
Mancato accomodamento ragionevole [SEP] Il dipendente non è stato informato delle opportunità di formazione continua.,Rapporti con datori di lavoro
Discriminazione lavorativa disabilità [SEP] Il dipendente segnala pressioni affinché si dimetta volontariamente.,Rapporti con datori di lavoro
Discriminazione lavorativa disabilità [SEP] Non è stato rispettato l'orario ridotto concordato con il medico del lavoro.,Rapporti con datori di lavoro
Mancato accomodamento ragionevole [SEP] Il dipendente segnala pressioni affinché si dimetta volontariamente.,Rapporti con datori di lavoro
Mancato accomodamento ragionevole [SEP] Non è stata rispettata la riservatezza dei dati sensibili del dipendente.,Rapporti con datori di lavoro
Permessi legge 104 negati [SEP] Non sono state messe a disposizione attrezzature di sicurezza adeguate.,Rapporti con datori di lavoro
Discriminazione lavorativa disabilità [SEP] Il datore di lavoro non ha rispettato le indicazioni del medico competente.,Rapporti con datori di lavoro
Mancato accomodamento ragionevole [SEP] Il datore di lavoro ha chiesto al dipendente di svolgere mansioni non compatibili con la sua disabilità.,Rapporti con datori di lavoro
Mancato accomodamento ragionevole [SEP] Il datore di lavoro non ha applicato le deduzioni fiscali per i lavoratori con disabilità.,Rapporti con datori di lavoro
Discriminazione lavorativa disabilità [SEP] Il datore di lavoro non ha applicato le deduzioni fiscali per i lavoratori con disabilità.,Rapporti con datori di lavoro
Permessi legge 104 negati [SEP] Non è stato attivato il percorso di reinserimento lavorativo dopo un lungo periodo di malattia.,Rapporti con datori di lavoro
Discriminazione lavorativa disabilità [SEP] Il lavoratore lamenta condizioni di lavoro discriminatorie rispetto ai colleghi.,Rapporti con datori di lavoro
Mancato accomodamento ragionevole [SEP] Il lavoratore lamenta condizioni di lavoro discriminatorie rispetto ai colleghi.,Rapporti con datori di lavoro
Mancato accomodamento ragionevole [SEP] Il lavoratore non ha ricevuto la valutazione periodica delle performance.,Rapporti con datori di lavoro
Mancato accomodamento ragionevole [SEP] Il lavoratore lamenta condizioni di lavoro discriminatorie rispetto ai colleghi.,Rapporti con datori di lavoro
Mancato accomodamento ragionevole [SEP] Non viene garantita la flessibilità oraria necessaria per le terapie mediche.,Rapporti con datori di lavoro
Mancato accomodamento ragionevole [SEP] Il dipendente non è stato informato delle opportunità di formazione continua.,Rapporti con datori di lavoro
Permessi legge 104 negati [SEP] Il contratto non include clausole di protezione per le persone con disabilità cronica.,Rapporti con datori di lavoro
Permessi legge 104 negati [SEP] Il datore di lavoro non ha adattato la postazione di lavoro alla disabilità del dipendente.,Rapporti con datori di lavoro
Discriminazione lavorativa disabilità [SEP] Il responsabile HR non risponde alle richieste del lavoratore con disabilità.,Rapporti con datori di lavoro
Discriminazione lavorativa disabilità [SEP] Il dipendente non è stato informato delle opportunità di formazione continua.,Rapporti con datori di lavoro
Discriminazione lavorativa disabilità [SEP] Il datore di lavoro ha rifiutato di attivare convenzioni con i Centri per l'impiego.,Rapporti con datori di lavoro
Permessi legge 104 negati [SEP] Il dipendente non è stato informato delle opportunità di formazione continua.,Rapporti con datori di lavoro
Discriminazione lavorativa disabilità [SEP] Il datore di lavoro si rifiuta di concedere i permessi ex legge 104.,Rapporti con datori di lavoro
Mancato accomodamento ragionevole [SEP] Il datore di lavoro ha rifiutato di applicare la valutazione del rischio per i lavoratori disabili.,Rapporti con datori di lavoro
Permessi legge 104 negati [SEP] L'azienda non ha applicato le agevolazioni fiscali previste per l'assunzione di disabili.,Rapporti con datori di lavoro
Discriminazione lavorativa disabilità [SEP] L'azienda non ha comunicato i diritti del lavoratore con certificazione di disabilità.,Rapporti con datori di lavoro
Permessi legge 104 negati [SEP] Non sono state messe a disposizione attrezzature di sicurezza adeguate.,Rapporti con datori di lavoro
Permessi legge 104 negati [SEP] Il lavoratore chiede che venga applicato il piano di accomodamento ragionevole.,Rapporti con datori di lavoro
Discriminazione lavorativa disabilità [SEP] L'azienda non ha rispettato le quote di riserva previste dalla legge 68/99.,Rapporti con datori di lavoro
Mancato accomodamento ragionevole [SEP] È stato segnalato un licenziamento illegittimo di un lavoratore con disabilità.,Rapporti con datori di lavoro
Discriminazione lavorativa disabilità [SEP] Il datore di lavoro ha rifiutato di attivare convenzioni con i Centri per l'impiego.,Rapporti con datori di lavoro
Discriminazione lavorativa disabilità [SEP] Non è stato predisposto un piano di sicurezza personalizzato per il disabile.,Rapporti con datori di lavoro
Discriminazione lavorativa disabilità [SEP] Non sono stati riconosciuti i giorni di permesso per accertamenti diagnostici.,Rapporti con datori di lavoro
Permessi legge 104 negati [SEP] Il datore di lavoro non ha adattato la postazione di lavoro alla disabilità del dipendente.,Rapporti con datori di lavoro
Mancato accomodamento ragionevole [SEP] Non è stato attivato il percorso di reinserimento lavorativo dopo un lungo periodo di malattia.,Rapporti con datori di lavoro
Discriminazione lavorativa disabilità [SEP] Non sono state messe a disposizione attrezzature di sicurezza adeguate.,Rapporti con datori di lavoro
Mancato accomodamento ragionevole [SEP] Il datore di lavoro si rifiuta di concedere i permessi ex legge 104.,Rapporti con datori di lavoro
Discriminazione lavorativa disabilità [SEP] Il dipendente segnala pressioni affinché si dimetta volontariamente.,Rapporti con datori di lavoro
Permessi legge 104 negati [SEP] Il datore di lavoro ha negato il telelavoro nonostante la certificazione medica.,Rapporti con datori di lavoro
Discriminazione lavorativa disabilità [SEP] Il lavoratore non ha ricevuto la valutazione periodica delle performance.,Rapporti con datori di lavoro
Mancato accomodamento ragionevole [SEP] Il datore di lavoro non ha risposto alla richiesta di modifica dei turni.,Rapporti con datori di lavoro
Discriminazione lavorativa disabilità [SEP] Il lavoratore con disabilità non riceve la stessa formazione degli altri colleghi.,Rapporti con datori di lavoro
Discriminazione lavorativa disabilità [SEP] Non sono state messe a disposizione attrezzature di sicurezza adeguate.,Rapporti con datori di lavoro
Discriminazione lavorativa disabilità [SEP] Il dipendente non è stato informato delle opportunità di formazione continua.,Rapporti con datori di lavoro
Discriminazione lavorativa disabilità [SEP] Non sono stati rispettati i tempi di risposta alla convocazione dei servizi per l'impiego.,Rapporti con datori di lavoro
Mancato accomodamento ragionevole [SEP] Non vengono riconosciuti i diritti di carriera al lavoratore con disabilità.,Rapporti con datori di lavoro
Mancato accomodamento ragionevole [SEP] Non è stato attivato il percorso di reinserimento lavorativo dopo un lungo periodo di malattia.,Rapporti con datori di lavoro
Mancato accomodamento ragionevole [SEP] Il dipendente segnala di essere escluso dalle riunioni aziendali.,Rapporti con datori di lavoro
Mancato accomodamento ragionevole [SEP] Il dipendente segnala pressioni affinché si dimetta volontariamente.,Rapporti con datori di lavoro
Permessi legge 104 negati [SEP] L'azienda non ha comunicato i diritti del lavoratore con certificazione di disabilità.,Rapporti con datori di lavoro
Discriminazione lavorativa disabilità [SEP] Non è stato attivato il tutoraggio aziendale previsto dalla convenzione.,Rapporti con datori di lavoro
Discriminazione lavorativa disabilità [SEP] Il dipendente segnala di essere escluso dalle riunioni aziendali.,Rapporti con datori di lavoro
Discriminazione lavorativa disabilità [SEP] Non è stato attivato il tutoraggio aziendale previsto dalla convenzione.,Rapporti con datori di lavoro
Discriminazione lavorativa disabilità [SEP] Il lavoratore chiede che venga applicato il piano di accomodamento ragionevole.,Rapporti con datori di lavoro
Discriminazione lavorativa disabilità [SEP] Il lavoratore è stato declassato senza giustificazione dopo la diagnosi di disabilità.,Rapporti con datori di lavoro
Permessi legge 104 negati [SEP] L'azienda non ha comunicato i risultati della valutazione dei rischi.,Rapporti con datori di lavoro
Mancato accomodamento ragionevole [SEP] Il dipendente segnala pressioni affinché si dimetta volontariamente.,Rapporti con datori di lavoro
Mancato accomodamento ragionevole [SEP] Il dipendente segnala pressioni affinché si dimetta volontariamente.,Rapporti con datori di lavoro
Permessi legge 104 negati [SEP] Il datore di lavoro si rifiuta di concedere i permessi ex legge 104.,Rapporti con datori di lavoro
Permessi legge 104 negati [SEP] L'azienda non ha partecipato agli incontri di mediazione convocati dal servizio.,Rapporti con datori di lavoro
Permessi legge 104 negati [SEP] Non è stato effettuato il collocamento mirato richiesto dall'ufficio competente.,Rapporti con datori di lavoro
Mancato accomodamento ragionevole [SEP] L'azienda non ha adeguato gli spazi comuni alle esigenze del dipendente.,Rapporti con datori di lavoro
Mancato accomodamento ragionevole [SEP] Non è stata rispettata la normativa sul divieto di discriminazione per disabilità.,Rapporti con datori di lavoro
Discriminazione lavorativa disabilità [SEP] L'azienda non ha predisposto un piano di emergenza accessibile per il lavoratore.,Rapporti con datori di lavoro
Mancato accomodamento ragionevole [SEP] L'azienda non ha predisposto un piano di emergenza accessibile per il lavoratore.,Rapporti con datori di lavoro
Discriminazione lavorativa disabilità [SEP] Non sono stati rispettati i tempi di risposta alla convocazione dei servizi per l'impiego.,Rapporti con datori di lavoro
Discriminazione lavorativa disabilità [SEP] Il lavoratore chiede supporto per rinegoziare le condizioni contrattuali.,Rapporti con datori di lavoro
Mancato accomodamento ragionevole [SEP] Il dipendente segnala di essere ignorato nelle comunicazioni interne.,Rapporti con datori di lavoro
Permessi legge 104 negati [SEP] L'azienda non ha applicato le agevolazioni fiscali previste per l'assunzione di disabili.,Rapporti con datori di lavoro
Permessi legge 104 negati [SEP] L'azienda non ha rinnovato il contratto a scadenza senza fornire spiegazioni.,Rapporti con datori di lavoro
Discriminazione lavorativa disabilità [SEP] L'azienda non ha partecipato agli incontri di mediazione convocati dal servizio.,Rapporti con datori di lavoro
Discriminazione lavorativa disabilità [SEP] Non è stato rispettato l'orario ridotto concordato con il medico del lavoro.,Rapporti con datori di lavoro
Permessi legge 104 negati [SEP] Il lavoratore con disabilità è stato trasferito senza il suo consenso.,Rapporti con datori di lavoro
Discriminazione lavorativa disabilità [SEP] L'azienda non ha rispettato le quote di riserva previste dalla legge 68/99.,Rapporti con datori di lavoro
Mancato accomodamento ragionevole [SEP] Il datore di lavoro non ha rispettato le indicazioni del medico competente.,Rapporti con datori di lavoro
Permessi legge 104 negati [SEP] Il responsabile HR non risponde alle richieste del lavoratore con disabilità.,Rapporti con datori di lavoro
Discriminazione lavorativa disabilità [SEP] Il lavoratore lamenta condizioni di lavoro discriminatorie rispetto ai colleghi.,Rapporti con datori di lavoro
Discriminazione lavorativa disabilità [SEP] Il lavoratore chiede che venga applicato il piano di accomodamento ragionevole.,Rapporti con datori di lavoro
Mancato accomodamento ragionevole [SEP] È stato segnalato un licenziamento illegittimo di un lavoratore con disabilità.,Rapporti con datori di lavoro
Discriminazione lavorativa disabilità [SEP] Non sono state messe a disposizione attrezzature di sicurezza adeguate.,Rapporti con datori di lavoro
Mancato accomodamento ragionevole [SEP] Non è stata garantita la sorveglianza sanitaria specifica per il lavoratore.,Rapporti con datori di lavoro
Mancato accomodamento ragionevole [SEP] Non è stato rispettato l'orario ridotto concordato con il medico del lavoro.,Rapporti con datori di lavoro
Discriminazione lavorativa disabilità [SEP] Il lavoratore lamenta condizioni di lavoro discriminatorie rispetto ai colleghi.,Rapporti con datori di lavoro
Permessi legge 104 negati [SEP] Il lavoratore è stato declassato senza giustificazione dopo la diagnosi di disabilità.,Rapporti con datori di lavoro
Permessi legge 104 negati [SEP] Non è stata rispettata la normativa sul divieto di discriminazione per disabilità.,Rapporti con datori di lavoro
Discriminazione lavorativa disabilità [SEP] L'azienda non ha applicato le agevolazioni fiscali previste per l'assunzione di disabili.,Rapporti con datori di lavoro
Permessi legge 104 negati [SEP] Non sono stati forniti gli ausili tecnologici richiesti per lo svolgimento del lavoro.,Rapporti con datori di lavoro
Discriminazione lavorativa disabilità [SEP] Il contratto non include clausole di protezione per le persone con disabilità cronica.,Rapporti con datori di lavoro
Permessi legge 104 negati [SEP] Il contratto di lavoro non prevede le clausole di tutela per i lavoratori con disabilità.,Rapporti con datori di lavoro
Mancato accomodamento ragionevole [SEP] L'azienda non ha rispettato le quote di riserva previste dalla legge 68/99.,Rapporti con datori di lavoro
Trasporto non accessibile [SEP] Le scale mobili della metropolitana sono spesso fuori servizio.,Accessibilità/barriere architettoniche/mobilità e trasporti/barriere digitali e media
Barriera architettonica segnalata [SEP] Il servizio di trasporto scolastico non è disponibile per alunni con carrozzina.,Accessibilità/barriere architettoniche/mobilità e trasporti/barriere digitali e media
Trasporto non accessibile [SEP] Il treno regionale non dispone di spazio per la carrozzina nel vagone.,Accessibilità/barriere architettoniche/mobilità e trasporti/barriere digitali e media
Barriera architettonica segnalata [SEP] L'edificio comunale non dispone di rampa di accesso per sedie a rotelle.,Accessibilità/barriere architettoniche/mobilità e trasporti/barriere digitali e media
Barriera architettonica segnalata [SEP] Il parcheggio multipiano non ha spazi adeguati per veicoli adattati.,Accessibilità/barriere architettoniche/mobilità e trasporti/barriere digitali e media
Trasporto non accessibile [SEP] Il portale per l'autocertificazione non funziona con la tastiera senza mouse.,Accessibilità/barriere architettoniche/mobilità e trasporti/barriere digitali e media
Sito web non accessibile [SEP] La piattaforma di telemedicina non funziona correttamente con le tecnologie assistive.,Accessibilità/barriere architettoniche/mobilità e trasporti/barriere digitali e media
Sito web non accessibile [SEP] La programmazione televisiva locale non prevede sottotitoli.,Accessibilità/barriere architettoniche/mobilità e trasporti/barriere digitali e media
Sito web non accessibile [SEP] L'applicazione per i pagamenti digitali non è accessibile tramite screen reader.,Accessibilità/barriere architettoniche/mobilità e trasporti/barriere digitali e media
Trasporto non accessibile [SEP] Le scale mobili della metropolitana sono spesso fuori servizio.,Accessibilità/barriere architettoniche/mobilità e trasporti/barriere digitali e media
Trasporto non accessibile [SEP] La stazione ferroviaria non dispone di ascensore per i binari.,Accessibilità/barriere architettoniche/mobilità e trasporti/barriere digitali e media
Barriera architettonica segnalata [SEP] Non è disponibile un servizio di trasporto adattato nel territorio.,Accessibilità/barriere architettoniche/mobilità e trasporti/barriere digitali e media
Sito web non accessibile [SEP] Non è prevista interpretazione LIS nelle conferenze pubbliche.,Accessibilità/barriere architettoniche/mobilità e trasporti/barriere digitali e media
Sito web non accessibile [SEP] Non esiste un servizio di accompagnamento per le persone non autosufficienti.,Accessibilità/barriere architettoniche/mobilità e trasporti/barriere digitali e media
Sito web non accessibile [SEP] Non è presente segnaletica in Braille negli uffici pubblici.,Accessibilità/barriere architettoniche/mobilità e trasporti/barriere digitali e media
Sito web non accessibile [SEP] Non esiste una versione in linguaggio facile dei documenti ufficiali.,Accessibilità/barriere architettoniche/mobilità e trasporti/barriere digitali e media
Sito web non accessibile [SEP] Non è previsto un servizio di interprete a distanza nelle strutture sanitarie.,Accessibilità/barriere architettoniche/mobilità e trasporti/barriere digitali e media
Barriera architettonica segnalata [SEP] Il bus di linea non si abbassa con il sistema pneumatico per facilitare la salita.,Accessibilità/barriere architettoniche/mobilità e trasporti/barriere digitali e media
Barriera architettonica segnalata [SEP] Le strisce pedonali non hanno segnalazione tattile a terra.,Accessibilità/barriere architettoniche/mobilità e trasporti/barriere digitali e media
Barriera architettonica segnalata [SEP] Il parcheggio multipiano non ha spazi adeguati per veicoli adattati.,Accessibilità/barriere architettoniche/mobilità e trasporti/barriere digitali e media
Trasporto non accessibile [SEP] La biblioteca non dispone di audiolibri aggiornati.,Accessibilità/barriere architettoniche/mobilità e trasporti/barriere digitali e media
Sito web non accessibile [SEP] Il sito del trasporto pubblico non consente la prenotazione assistita.,Accessibilità/barriere architettoniche/mobilità e trasporti/barriere digitali e media
Sito web non accessibile [SEP] L'ascensore del palazzo pubblico è fuori servizio da settimane.,Accessibilità/barriere architettoniche/mobilità e trasporti/barriere digitali e media
Trasporto non accessibile [SEP] L'app mobile del Comune non è compatibile con i software di lettura vocale.,Accessibilità/barriere architettoniche/mobilità e trasporti/barriere digitali e media
Barriera architettonica segnalata [SEP] Non sono disponibili documenti sanitari in formato accessibile.,Accessibilità/barriere architettoniche/mobilità e trasporti/barriere digitali e media
Trasporto non accessibile [SEP] Non sono disponibili documenti sanitari in formato accessibile.,Accessibilità/barriere architettoniche/mobilità e trasporti/barriere digitali e media
Trasporto non accessibile [SEP] Il sito del trasporto pubblico non consente la prenotazione assistita.,Accessibilità/barriere architettoniche/mobilità e trasporti/barriere digitali e media
Trasporto non accessibile [SEP] L'edificio comunale non dispone di rampa di accesso per sedie a rotelle.,Accessibilità/barriere architettoniche/mobilità e trasporti/barriere digitali e media
Sito web non accessibile [SEP] Non è stato rimosso il gradino d'ingresso dell'ufficio anagrafe.,Accessibilità/barriere architettoniche/mobilità e trasporti/barriere digitali e media
Sito web non accessibile [SEP] Il parco pubblico non ha percorsi pavimentati per carrozzine.,Accessibilità/barriere architettoniche/mobilità e trasporti/barriere digitali e media
Barriera architettonica segnalata [SEP] Il mezzo pubblico non dispone di pedana per la salita in carrozzina.,Accessibilità/barriere architettoniche/mobilità e trasporti/barriere digitali e media
Barriera architettonica segnalata [SEP] Il taxi adattato non copre le fasce orarie notturne.,Accessibilità/barriere architettoniche/mobilità e trasporti/barriere digitali e media
Trasporto non accessibile [SEP] La biblioteca non dispone di audiolibri aggiornati.,Accessibilità/barriere architettoniche/mobilità e trasporti/barriere digitali e media
Sito web non accessibile [SEP] Il sito del trasporto pubblico non consente la prenotazione assistita.,Accessibilità/barriere architettoniche/mobilità e trasporti/barriere digitali e media
Trasporto non accessibile [SEP] Il bus di linea non si abbassa con il sistema pneumatico per facilitare la salita.,Accessibilità/barriere architettoniche/mobilità e trasporti/barriere digitali e media
Barriera architettonica segnalata [SEP] Non esiste una versione in linguaggio facile dei documenti ufficiali.,Accessibilità/barriere architettoniche/mobilità e trasporti/barriere digitali e media
Sito web non accessibile [SEP] Non sono disponibili documenti sanitari in formato accessibile.,Accessibilità/barriere architettoniche/mobilità e trasporti/barriere digitali e media
Trasporto non accessibile [SEP] Il servizio di trasporto scolastico non è disponibile per alunni con carrozzina.,Accessibilità/barriere architettoniche/mobilità e trasporti/barriere digitali e media
Barriera architettonica segnalata [SEP] L'app mobile del Comune non è compatibile con i software di lettura vocale.,Accessibilità/barriere architettoniche/mobilità e trasporti/barriere digitali e media
Sito web non accessibile [SEP] Non esiste un piano comunale per il trasporto di persone con grave disabilità.,Accessibilità/barriere architettoniche/mobilità e trasporti/barriere digitali e media
Trasporto non accessibile [SEP] Il parcheggio riservato ai disabili viene regolarmente occupato da veicoli non autorizzati.,Accessibilità/barriere architettoniche/mobilità e trasporti/barriere digitali e media
Trasporto non accessibile [SEP] Non è attivo il servizio Deroga ZTL per veicoli adattati.,Accessibilità/barriere architettoniche/mobilità e trasporti/barriere digitali e media
Trasporto non accessibile [SEP] Il sito istituzionale non risponde agli standard WCAG di accessibilità.,Accessibilità/barriere architettoniche/mobilità e trasporti/barriere digitali e media
Trasporto non accessibile [SEP] Non esiste un percorso tattile per non vedenti nella piazza centrale.,Accessibilità/barriere architettoniche/mobilità e trasporti/barriere digitali e media
Barriera architettonica segnalata [SEP] Il semaforo non emette segnale sonoro per i non vedenti.,Accessibilità/barriere architettoniche/mobilità e trasporti/barriere digitali e media
Trasporto non accessibile [SEP] Il portale web del Comune non è accessibile agli utenti non vedenti.,Accessibilità/barriere architettoniche/mobilità e trasporti/barriere digitali e media
Sito web non accessibile [SEP] La piattaforma di telemedicina non funziona correttamente con le tecnologie assistive.,Accessibilità/barriere architettoniche/mobilità e trasporti/barriere digitali e media
Barriera architettonica segnalata [SEP] La stazione ferroviaria non dispone di ascensore per i binari.,Accessibilità/barriere architettoniche/mobilità e trasporti/barriere digitali e media
Barriera architettonica segnalata [SEP] Non è prevista interpretazione LIS nelle conferenze pubbliche.,Accessibilità/barriere architettoniche/mobilità e trasporti/barriere digitali e media
Trasporto non accessibile [SEP] L'ascensore del palazzo pubblico è fuori servizio da settimane.,Accessibilità/barriere architettoniche/mobilità e trasporti/barriere digitali e media
Barriera architettonica segnalata [SEP] Non esiste un piano comunale per il trasporto di persone con grave disabilità.,Accessibilità/barriere architettoniche/mobilità e trasporti/barriere digitali e media
Trasporto non accessibile [SEP] Non esiste una versione in linguaggio facile dei documenti ufficiali.,Accessibilità/barriere architettoniche/mobilità e trasporti/barriere digitali e media
Barriera architettonica segnalata [SEP] Le comunicazioni istituzionali non prevedono versione audio.,Accessibilità/barriere architettoniche/mobilità e trasporti/barriere digitali e media
Sito web non accessibile [SEP] Non è attivo il servizio Deroga ZTL per veicoli adattati.,Accessibilità/barriere architettoniche/mobilità e trasporti/barriere digitali e media
Trasporto non accessibile [SEP] Le scale mobili della metropolitana sono spesso fuori servizio.,Accessibilità/barriere architettoniche/mobilità e trasporti/barriere digitali e media
Barriera architettonica segnalata [SEP] Il semaforo non emette segnale sonoro per i non vedenti.,Accessibilità/barriere architettoniche/mobilità e trasporti/barriere digitali e media
Sito web non accessibile [SEP] L'edificio comunale non dispone di rampa di accesso per sedie a rotelle.,Accessibilità/barriere architettoniche/mobilità e trasporti/barriere digitali e media
Sito web non accessibile [SEP] Il taxi adattato non copre le fasce orarie notturne.,Accessibilità/barriere architettoniche/mobilità e trasporti/barriere digitali e media
Barriera architettonica segnalata [SEP] Non esiste un percorso tattile per non vedenti nella piazza centrale.,Accessibilità/barriere architettoniche/mobilità e trasporti/barriere digitali e media
Barriera architettonica segnalata [SEP] Il parcheggio multipiano non ha spazi adeguati per veicoli adattati.,Accessibilità/barriere architettoniche/mobilità e trasporti/barriere digitali e media
Trasporto non accessibile [SEP] Non è previsto un servizio di interprete a distanza nelle strutture sanitarie.,Accessibilità/barriere architettoniche/mobilità e trasporti/barriere digitali e media
Sito web non accessibile [SEP] L'ingresso principale del municipio non ha apertura automatica delle porte.,Accessibilità/barriere architettoniche/mobilità e trasporti/barriere digitali e media
Sito web non accessibile [SEP] Non è stato rimosso il gradino d'ingresso dell'ufficio anagrafe.,Accessibilità/barriere architettoniche/mobilità e trasporti/barriere digitali e media
Barriera architettonica segnalata [SEP] Il servizio di trasporto scolastico non è disponibile per alunni con carrozzina.,Accessibilità/barriere architettoniche/mobilità e trasporti/barriere digitali e media
Sito web non accessibile [SEP] La piattaforma di telemedicina non funziona correttamente con le tecnologie assistive.,Accessibilità/barriere architettoniche/mobilità e trasporti/barriere digitali e media
Trasporto non accessibile [SEP] Il portale web del Comune non è accessibile agli utenti non vedenti.,Accessibilità/barriere architettoniche/mobilità e trasporti/barriere digitali e media
Barriera architettonica segnalata [SEP] Il servizio di trasporto scolastico non è disponibile per alunni con carrozzina.,Accessibilità/barriere architettoniche/mobilità e trasporti/barriere digitali e media
Barriera architettonica segnalata [SEP] Non esiste un piano di abbattimento delle barriere architettoniche nel Comune.,Accessibilità/barriere architettoniche/mobilità e trasporti/barriere digitali e media
Sito web non accessibile [SEP] Il treno regionale non dispone di spazio per la carrozzina nel vagone.,Accessibilità/barriere architettoniche/mobilità e trasporti/barriere digitali e media
Barriera architettonica segnalata [SEP] Il taxi adattato non copre le fasce orarie notturne.,Accessibilità/barriere architettoniche/mobilità e trasporti/barriere digitali e media
Sito web non accessibile [SEP] L'ufficio postale non è raggiungibile con sedia a rotelle.,Accessibilità/barriere architettoniche/mobilità e trasporti/barriere digitali e media
Sito web non accessibile [SEP] Il sito del trasporto pubblico non consente la prenotazione assistita.,Accessibilità/barriere architettoniche/mobilità e trasporti/barriere digitali e media
Trasporto non accessibile [SEP] L'app di prenotazione del trasporto non è disponibile per utenti con disabilità visiva.,Accessibilità/barriere architettoniche/mobilità e trasporti/barriere digitali e media
Trasporto non accessibile [SEP] Non è disponibile l'interprete LIS nei servizi pubblici locali.,Accessibilità/barriere architettoniche/mobilità e trasporti/barriere digitali e media
Trasporto non accessibile [SEP] Il palazzo storico non può essere dotato di ascensore per vincoli architettonici.,Accessibilità/barriere architettoniche/mobilità e trasporti/barriere digitali e media
Sito web non accessibile [SEP] Non è attivo il servizio Deroga ZTL per veicoli adattati.,Accessibilità/barriere architettoniche/mobilità e trasporti/barriere digitali e media
Barriera architettonica segnalata [SEP] L'ufficio postale non è raggiungibile con sedia a rotelle.,Accessibilità/barriere architettoniche/mobilità e trasporti/barriere digitali e media
Barriera architettonica segnalata [SEP] Non è disponibile l'interprete LIS nei servizi pubblici locali.,Accessibilità/barriere architettoniche/mobilità e trasporti/barriere digitali e media
Trasporto non accessibile [SEP] Le comunicazioni istituzionali non prevedono versione audio.,Accessibilità/barriere architettoniche/mobilità e trasporti/barriere digitali e media
Trasporto non accessibile [SEP] L'ufficio postale non è raggiungibile con sedia a rotelle.,Accessibilità/barriere architettoniche/mobilità e trasporti/barriere digitali e media
Trasporto non accessibile [SEP] Non esiste una versione in linguaggio facile dei documenti ufficiali.,Accessibilità/barriere architettoniche/mobilità e trasporti/barriere digitali e media
Barriera architettonica segnalata [SEP] Il servizio di trasporto scolastico non è disponibile per alunni con carrozzina.,Accessibilità/barriere architettoniche/mobilità e trasporti/barriere digitali e media
Barriera architettonica segnalata [SEP] La rampa di accesso alla stazione è troppo ripida per una carrozzina autonoma.,Accessibilità/barriere architettoniche/mobilità e trasporti/barriere digitali e media
Barriera architettonica segnalata [SEP] Non sono disponibili documenti sanitari in formato accessibile.,Accessibilità/barriere architettoniche/mobilità e trasporti/barriere digitali e media
Sito web non accessibile [SEP] L'app di prenotazione del trasporto non è disponibile per utenti con disabilità visiva.,Accessibilità/barriere architettoniche/mobilità e trasporti/barriere digitali e media
Barriera architettonica segnalata [SEP] Non sono disponibili documenti sanitari in formato accessibile.,Accessibilità/barriere architettoniche/mobilità e trasporti/barriere digitali e media
Trasporto non accessibile [SEP] Non esiste un servizio di accompagnamento per le persone non autosufficienti.,Accessibilità/barriere architettoniche/mobilità e trasporti/barriere digitali e media
Trasporto non accessibile [SEP] L'applicazione per i pagamenti digitali non è accessibile tramite screen reader.,Accessibilità/barriere architettoniche/mobilità e trasporti/barriere digitali e media
Barriera architettonica segnalata [SEP] Il mezzo pubblico non dispone di pedana per la salita in carrozzina.,Accessibilità/barriere architettoniche/mobilità e trasporti/barriere digitali e media
Sito web non accessibile [SEP] Le comunicazioni istituzionali non prevedono versione audio.,Accessibilità/barriere architettoniche/mobilità e trasporti/barriere digitali e media
Barriera architettonica segnalata [SEP] L'ascensore del palazzo pubblico è fuori servizio da settimane.,Accessibilità/barriere architettoniche/mobilità e trasporti/barriere digitali e media
Sito web non accessibile [SEP] Non esiste un servizio di accompagnamento per le persone non autosufficienti.,Accessibilità/barriere architettoniche/mobilità e trasporti/barriere digitali e media
Sito web non accessibile [SEP] L'edificio comunale non dispone di rampa di accesso per sedie a rotelle.,Accessibilità/barriere architettoniche/mobilità e trasporti/barriere digitali e media
Sito web non accessibile [SEP] L'applicazione per i pagamenti digitali non è accessibile tramite screen reader.,Accessibilità/barriere architettoniche/mobilità e trasporti/barriere digitali e media
Trasporto non accessibile [SEP] Le comunicazioni istituzionali non prevedono versione audio.,Accessibilità/barriere architettoniche/mobilità e trasporti/barriere digitali e media
Sito web non accessibile [SEP] L'ingresso principale del municipio non ha apertura automatica delle porte.,Accessibilità/barriere architettoniche/mobilità e trasporti/barriere digitali e media
Trasporto non accessibile [SEP] La programmazione televisiva locale non prevede sottotitoli.,Accessibilità/barriere architettoniche/mobilità e trasporti/barriere digitali e media
Barriera architettonica segnalata [SEP] Il palazzo storico non può essere dotato di ascensore per vincoli architettonici.,Accessibilità/barriere architettoniche/mobilità e trasporti/barriere digitali e media
Trasporto non accessibile [SEP] Il sito istituzionale non risponde agli standard WCAG di accessibilità.,Accessibilità/barriere architettoniche/mobilità e trasporti/barriere digitali e media
Barriera architettonica segnalata [SEP] Non esiste un percorso tattile per non vedenti nella piazza centrale.,Accessibilità/barriere architettoniche/mobilità e trasporti/barriere digitali e media
Barriera architettonica segnalata [SEP] Le scale mobili della metropolitana sono spesso fuori servizio.,Accessibilità/barriere architettoniche/mobilità e trasporti/barriere digitali e media
Sito web non accessibile [SEP] Non esiste un percorso accessibile tra la fermata del bus e l'ospedale.,Accessibilità/barriere architettoniche/mobilità e trasporti/barriere digitali e media
Barriera architettonica segnalata [SEP] La stazione ferroviaria non dispone di ascensore per i binari.,Accessibilità/barriere architettoniche/mobilità e trasporti/barriere digitali e media
Sito web non accessibile [SEP] L'ufficio postale non è raggiungibile con sedia a rotelle.,Accessibilità/barriere architettoniche/mobilità e trasporti/barriere digitali e media
Trasporto non accessibile [SEP] Non sono disponibili documenti sanitari in formato accessibile.,Accessibilità/barriere architettoniche/mobilità e trasporti/barriere digitali e media
Barriera architettonica segnalata [SEP] Le comunicazioni istituzionali non prevedono versione audio.,Accessibilità/barriere architettoniche/mobilità e trasporti/barriere digitali e media
Barriera architettonica segnalata [SEP] Non è prevista interpretazione LIS nelle conferenze pubbliche.,Accessibilità/barriere architettoniche/mobilità e trasporti/barriere digitali e media
Trasporto non accessibile [SEP] L'applicazione per i pagamenti digitali non è accessibile tramite screen reader.,Accessibilità/barriere architettoniche/mobilità e trasporti/barriere digitali e media
Sito web non accessibile [SEP] Non esiste un piano di abbattimento delle barriere architettoniche nel Comune.,Accessibilità/barriere architettoniche/mobilità e trasporti/barriere digitali e media
Trasporto non accessibile [SEP] L'ascensore del palazzo pubblico è fuori servizio da settimane.,Accessibilità/barriere architettoniche/mobilità e trasporti/barriere digitali e media
Sito web non accessibile [SEP] Il parcheggio riservato ai disabili viene regolarmente occupato da veicoli non autorizzati.,Accessibilità/barriere architettoniche/mobilità e trasporti/barriere digitali e media
Sito web non accessibile [SEP] Non è presente segnaletica in Braille negli uffici pubblici.,Accessibilità/barriere architettoniche/mobilità e trasporti/barriere digitali e media
Sito web non accessibile [SEP] La fermata del bus non è dotata di pedana rialzata.,Accessibilità/barriere architettoniche/mobilità e trasporti/barriere digitali e media
Sito web non accessibile [SEP] Il parco pubblico non ha percorsi pavimentati per carrozzine.,Accessibilità/barriere architettoniche/mobilità e trasporti/barriere digitali e media
Trasporto non accessibile [SEP] Non esiste segnaletica in lingua facile negli uffici sanitari.,Accessibilità/barriere architettoniche/mobilità e trasporti/barriere digitali e media
Sito web non accessibile [SEP] Il sito web dell'ospedale non ha versione ad alto contrasto per ipovedenti.,Accessibilità/barriere architettoniche/mobilità e trasporti/barriere digitali e media
Barriera architettonica segnalata [SEP] L'applicazione per i pagamenti digitali non è accessibile tramite screen reader.,Accessibilità/barriere architettoniche/mobilità e trasporti/barriere digitali e media
Sito web non accessibile [SEP] Il sito web dell'ospedale non ha versione ad alto contrasto per ipovedenti.,Accessibilità/barriere architettoniche/mobilità e trasporti/barriere digitali e media
Sito web non accessibile [SEP] Non è disponibile un servizio di trasporto adattato nel territorio.,Accessibilità/barriere architettoniche/mobilità e trasporti/barriere digitali e media
Trasporto non accessibile [SEP] L'app mobile del Comune non è compatibile con i software di lettura vocale.,Accessibilità/barriere architettoniche/mobilità e trasporti/barriere digitali e media
Sito web non accessibile [SEP] Il parco pubblico non ha percorsi pavimentati per carrozzine.,Accessibilità/barriere architettoniche/mobilità e trasporti/barriere digitali e media
Barriera architettonica segnalata [SEP] Non esiste un percorso tattile per non vedenti nella piazza centrale.,Accessibilità/barriere architettoniche/mobilità e trasporti/barriere digitali e media
Barriera architettonica segnalata [SEP] Le scale mobili della metropolitana sono spesso fuori servizio.,Accessibilità/barriere architettoniche/mobilità e trasporti/barriere digitali e media
Trasporto non accessibile [SEP] La rampa di accesso alla stazione è troppo ripida per una carrozzina autonoma.,Accessibilità/barriere architettoniche/mobilità e trasporti/barriere digitali e media
Barriera architettonica segnalata [SEP] La fermata del bus non è dotata di pedana rialzata.,Accessibilità/barriere architettoniche/mobilità e trasporti/barriere digitali e media
Sito web non accessibile [SEP] Le strisce pedonali non hanno segnalazione tattile a terra.,Accessibilità/barriere architettoniche/mobilità e trasporti/barriere digitali e media
Sito web non accessibile [SEP] L'app di prenotazione del trasporto non è disponibile per utenti con disabilità visiva.,Accessibilità/barriere architettoniche/mobilità e trasporti/barriere digitali e media
Sito web non accessibile [SEP] Non esiste segnaletica in lingua facile negli uffici sanitari.,Accessibilità/barriere architettoniche/mobilità e trasporti/barriere digitali e media
Sito web non accessibile [SEP] Il sito dell'ASL non consente la prenotazione di visite con sintesi vocale.,Accessibilità/barriere architettoniche/mobilità e trasporti/barriere digitali e media
Barriera architettonica segnalata [SEP] Non è presente segnaletica in Braille negli uffici pubblici.,Accessibilità/barriere architettoniche/mobilità e trasporti/barriere digitali e media
Trasporto non accessibile [SEP] Non è prevista interpretazione LIS nelle conferenze pubbliche.,Accessibilità/barriere architettoniche/mobilità e trasporti/barriere digitali e media
Barriera architettonica segnalata [SEP] Il taxi adattato non copre le fasce orarie notturne.,Accessibilità/barriere architettoniche/mobilità e trasporti/barriere digitali e media
Barriera architettonica segnalata [SEP] Il taxi adattato non copre le fasce orarie notturne.,Accessibilità/barriere architettoniche/mobilità e trasporti/barriere digitali e media
Trasporto non accessibile [SEP] Non è prevista interpretazione LIS nelle conferenze pubbliche.,Accessibilità/barriere architettoniche/mobilità e trasporti/barriere digitali e media
Barriera architettonica segnalata [SEP] L'app di prenotazione del trasporto non è disponibile per utenti con disabilità visiva.,Accessibilità/barriere architettoniche/mobilità e trasporti/barriere digitali e media
Sito web non accessibile [SEP] L'applicazione per i pagamenti digitali non è accessibile tramite screen reader.,Accessibilità/barriere architettoniche/mobilità e trasporti/barriere digitali e media
Sito web non accessibile [SEP] Il bus di linea non si abbassa con il sistema pneumatico per facilitare la salita.,Accessibilità/barriere architettoniche/mobilità e trasporti/barriere digitali e media
Barriera architettonica segnalata [SEP] Il servizio di trasporto scolastico non è disponibile per alunni con carrozzina.,Accessibilità/barriere architettoniche/mobilità e trasporti/barriere digitali e media
Sito web non accessibile [SEP] Il sito dell'ASL non consente la prenotazione di visite con sintesi vocale.,Accessibilità/barriere architettoniche/mobilità e trasporti/barriere digitali e media
Sito web non accessibile [SEP] Non esiste un percorso accessibile tra la fermata del bus e l'ospedale.,Accessibilità/barriere architettoniche/mobilità e trasporti/barriere digitali e media
Trasporto non accessibile [SEP] La fermata del bus non è dotata di pedana rialzata.,Accessibilità/barriere architettoniche/mobilità e trasporti/barriere digitali e media
Trasporto non accessibile [SEP] Le strisce pedonali non hanno segnalazione tattile a terra.,Accessibilità/barriere architettoniche/mobilità e trasporti/barriere digitali e media
Trasporto non accessibile [SEP] Non esiste un piano di abbattimento delle barriere architettoniche nel Comune.,Accessibilità/barriere architettoniche/mobilità e trasporti/barriere digitali e media
Sito web non accessibile [SEP] L'applicazione per i pagamenti digitali non è accessibile tramite screen reader.,Accessibilità/barriere architettoniche/mobilità e trasporti/barriere digitali e media
Trasporto non accessibile [SEP] L'ingresso principale del municipio non ha apertura automatica delle porte.,Accessibilità/barriere architettoniche/mobilità e trasporti/barriere digitali e media
Trasporto non accessibile [SEP] Il mezzo pubblico non dispone di pedana per la salita in carrozzina.,Accessibilità/barriere architettoniche/mobilità e trasporti/barriere digitali e media
Trasporto non accessibile [SEP] L'ufficio postale non è raggiungibile con sedia a rotelle.,Accessibilità/barriere architettoniche/mobilità e trasporti/barriere digitali e media
Sito web non accessibile [SEP] Non è disponibile un servizio di trasporto adattato nel territorio.,Accessibilità/barriere architettoniche/mobilità e trasporti/barriere digitali e media
Sito web non accessibile [SEP] Il palazzo storico non può essere dotato di ascensore per vincoli architettonici.,Accessibilità/barriere architettoniche/mobilità e trasporti/barriere digitali e media
Barriera architettonica segnalata [SEP] Il semaforo non emette segnale sonoro per i non vedenti.,Accessibilità/barriere architettoniche/mobilità e trasporti/barriere digitali e media
Trasporto non accessibile [SEP] Le scale mobili della metropolitana sono spesso fuori servizio.,Accessibilità/barriere architettoniche/mobilità e trasporti/barriere digitali e media
Barriera architettonica segnalata [SEP] Non è presente segnaletica in Braille negli uffici pubblici.,Accessibilità/barriere architettoniche/mobilità e trasporti/barriere digitali e media
Sito web non accessibile [SEP] Non è disponibile il Wi-Fi pubblico nelle strutture comunali.,Accessibilità/barriere architettoniche/mobilità e trasporti/barriere digitali e media
Barriera architettonica segnalata [SEP] L'applicazione per i pagamenti digitali non è accessibile tramite screen reader.,Accessibilità/barriere architettoniche/mobilità e trasporti/barriere digitali e media
Barriera architettonica segnalata [SEP] Il portale per l'autocertificazione non funziona con la tastiera senza mouse.,Accessibilità/barriere architettoniche/mobilità e trasporti/barriere digitali e media
Barriera architettonica segnalata [SEP] Non è presente segnaletica in Braille negli uffici pubblici.,Accessibilità/barriere architettoniche/mobilità e trasporti/barriere digitali e media
Barriera architettonica segnalata [SEP] L'edificio comunale non dispone di rampa di accesso per sedie a rotelle.,Accessibilità/barriere architettoniche/mobilità e trasporti/barriere digitali e media
Barriera architettonica segnalata [SEP] L'edificio comunale non dispone di rampa di accesso per sedie a rotelle.,Accessibilità/barriere architettoniche/mobilità e trasporti/barriere digitali e media
Sito web non accessibile [SEP] Non esiste un percorso accessibile tra la fermata del bus e l'ospedale.,Accessibilità/barriere architettoniche/mobilità e trasporti/barriere digitali e media
Trasporto non accessibile [SEP] Il parco pubblico non ha percorsi pavimentati per carrozzine.,Accessibilità/barriere architettoniche/mobilità e trasporti/barriere digitali e media
Trasporto non accessibile [SEP] Il sito dell'ASL non consente la prenotazione di visite con sintesi vocale.,Accessibilità/barriere architettoniche/mobilità e trasporti/barriere digitali e media
Sito web non accessibile [SEP] Il sito web dell'ospedale non ha versione ad alto contrasto per ipovedenti.,Accessibilità/barriere architettoniche/mobilità e trasporti/barriere digitali e media
Sito web non accessibile [SEP] Il parco pubblico non ha percorsi pavimentati per carrozzine.,Accessibilità/barriere architettoniche/mobilità e trasporti/barriere digitali e media
Trasporto non accessibile [SEP] La programmazione televisiva locale non prevede sottotitoli.,Accessibilità/barriere architettoniche/mobilità e trasporti/barriere digitali e media
Trasporto non accessibile [SEP] Non è presente segnaletica in Braille negli uffici pubblici.,Accessibilità/barriere architettoniche/mobilità e trasporti/barriere digitali e media
Trasporto non accessibile [SEP] Non è attivo il servizio Deroga ZTL per veicoli adattati.,Accessibilità/barriere architettoniche/mobilità e trasporti/barriere digitali e media
Sito web non accessibile [SEP] Non è disponibile un servizio di trasporto adattato nel territorio.,Accessibilità/barriere architettoniche/mobilità e trasporti/barriere digitali e media
Barriera architettonica segnalata [SEP] Il taxi adattato non copre le fasce orarie notturne.,Accessibilità/barriere architettoniche/mobilità e trasporti/barriere digitali e media
Trasporto non accessibile [SEP] Il marciapiede è ostruito da ostacoli che impediscono il transito in sedia a rotelle.,Accessibilità/barriere architettoniche/mobilità e trasporti/barriere digitali e media
Sito web non accessibile [SEP] Non esiste un servizio di accompagnamento per le persone non autosufficienti.,Accessibilità/barriere architettoniche/mobilità e trasporti/barriere digitali e media
Trasporto non accessibile [SEP] Non è presente segnaletica in Braille negli uffici pubblici.,Accessibilità/barriere architettoniche/mobilità e trasporti/barriere digitali e media
Sito web non accessibile [SEP] Il sito istituzionale non risponde agli standard WCAG di accessibilità.,Accessibilità/barriere architettoniche/mobilità e trasporti/barriere digitali e media
Trasporto non accessibile [SEP] L'app mobile del Comune non è compatibile con i software di lettura vocale.,Accessibilità/barriere architettoniche/mobilità e trasporti/barriere digitali e media
Barriera architettonica segnalata [SEP] Non esiste segnaletica in lingua facile negli uffici sanitari.,Accessibilità/barriere architettoniche/mobilità e trasporti/barriere digitali e media
Barriera architettonica segnalata [SEP] Non è previsto un servizio di interprete a distanza nelle strutture sanitarie.,Accessibilità/barriere architettoniche/mobilità e trasporti/barriere digitali e media
Sito web non accessibile [SEP] Non è presente segnaletica in Braille negli uffici pubblici.,Accessibilità/barriere architettoniche/mobilità e trasporti/barriere digitali e media
Sito web non accessibile [SEP] Non è disponibile un servizio di trasporto adattato nel territorio.,Accessibilità/barriere architettoniche/mobilità e trasporti/barriere digitali e media
Trasporto non accessibile [SEP] Il semaforo non emette segnale sonoro per i non vedenti.,Accessibilità/barriere architettoniche/mobilità e trasporti/barriere digitali e media
Trasporto non accessibile [SEP] Il marciapiede è ostruito da ostacoli che impediscono il transito in sedia a rotelle.,Accessibilità/barriere architettoniche/mobilità e trasporti/barriere digitali e media
Barriera architettonica segnalata [SEP] Non è previsto un servizio di interprete a distanza nelle strutture sanitarie.,Accessibilità/barriere architettoniche/mobilità e trasporti/barriere digitali e media
Barriera architettonica segnalata [SEP] Non è prevista interpretazione LIS nelle conferenze pubbliche.,Accessibilità/barriere architettoniche/mobilità e trasporti/barriere digitali e media
Sito web non accessibile [SEP] Il sito dell'ASL non consente la prenotazione di visite con sintesi vocale.,Accessibilità/barriere architettoniche/mobilità e trasporti/barriere digitali e media
Barriera architettonica segnalata [SEP] La biblioteca non dispone di audiolibri aggiornati.,Accessibilità/barriere architettoniche/mobilità e trasporti/barriere digitali e media
Sito web non accessibile [SEP] Non è disponibile l'interprete LIS nei servizi pubblici locali.,Accessibilità/barriere architettoniche/mobilità e trasporti/barriere digitali e media
Trasporto non accessibile [SEP] La rampa di accesso alla stazione è troppo ripida per una carrozzina autonoma.,Accessibilità/barriere architettoniche/mobilità e trasporti/barriere digitali e media
Trasporto non accessibile [SEP] L'ascensore del palazzo pubblico è fuori servizio da settimane.,Accessibilità/barriere architettoniche/mobilità e trasporti/barriere digitali e media
Sito web non accessibile [SEP] Il parcheggio multipiano non ha spazi adeguati per veicoli adattati.,Accessibilità/barriere architettoniche/mobilità e trasporti/barriere digitali e media
Trasporto non accessibile [SEP] Il bus di linea non si abbassa con il sistema pneumatico per facilitare la salita.,Accessibilità/barriere architettoniche/mobilità e trasporti/barriere digitali e media
Barriera architettonica segnalata [SEP] Il portale per l'autocertificazione non funziona con la tastiera senza mouse.,Accessibilità/barriere architettoniche/mobilità e trasporti/barriere digitali e media
Barriera architettonica segnalata [SEP] Non è disponibile il Wi-Fi pubblico nelle strutture comunali.,Accessibilità/barriere architettoniche/mobilità e trasporti/barriere digitali e media
Barriera architettonica segnalata [SEP] Non è disponibile il Wi-Fi pubblico nelle strutture comunali.,Accessibilità/barriere architettoniche/mobilità e trasporti/barriere digitali e media
Sito web non accessibile [SEP] La piattaforma di telemedicina non funziona correttamente con le tecnologie assistive.,Accessibilità/barriere architettoniche/mobilità e trasporti/barriere digitali e media
Sito web non accessibile [SEP] L'app mobile del Comune non è compatibile con i software di lettura vocale.,Accessibilità/barriere architettoniche/mobilità e trasporti/barriere digitali e media
Barriera architettonica segnalata [SEP] La rampa di accesso alla stazione è troppo ripida per una carrozzina autonoma.,Accessibilità/barriere architettoniche/mobilità e trasporti/barriere digitali e media
Sito web non accessibile [SEP] Il palazzo storico non può essere dotato di ascensore per vincoli architettonici.,Accessibilità/barriere architettoniche/mobilità e trasporti/barriere digitali e media
Trasporto non accessibile [SEP] Le comunicazioni istituzionali non prevedono versione audio.,Accessibilità/barriere architettoniche/mobilità e trasporti/barriere digitali e media
Sito web non accessibile [SEP] Non è previsto un servizio di interprete a distanza nelle strutture sanitarie.,Accessibilità/barriere architettoniche/mobilità e trasporti/barriere digitali e media
Sito web non accessibile [SEP] Il servizio di trasporto scolastico non è disponibile per alunni con carrozzina.,Accessibilità/barriere architettoniche/mobilità e trasporti/barriere digitali e media
Sito web non accessibile [SEP] La piattaforma di telemedicina non funziona correttamente con le tecnologie assistive.,Accessibilità/barriere architettoniche/mobilità e trasporti/barriere digitali e media
Barriera architettonica segnalata [SEP] Il servizio di trasporto scolastico non è disponibile per alunni con carrozzina.,Accessibilità/barriere architettoniche/mobilità e trasporti/barriere digitali e media
Sito web non accessibile [SEP] La stazione ferroviaria non dispone di ascensore per i binari.,Accessibilità/barriere architettoniche/mobilità e trasporti/barriere digitali e media
Barriera architettonica segnalata [SEP] L'ingresso principale del municipio non ha apertura automatica delle porte.,Accessibilità/barriere architettoniche/mobilità e trasporti/barriere digitali e media
Barriera architettonica segnalata [SEP] Non esiste un servizio di accompagnamento per le persone non autosufficienti.,Accessibilità/barriere architettoniche/mobilità e trasporti/barriere digitali e media
Barriera architettonica segnalata [SEP] Le comunicazioni istituzionali non prevedono versione audio.,Accessibilità/barriere architettoniche/mobilità e trasporti/barriere digitali e media
Barriera architettonica segnalata [SEP] Le comunicazioni istituzionali non prevedono versione audio.,Accessibilità/barriere architettoniche/mobilità e trasporti/barriere digitali e media
Barriera architettonica segnalata [SEP] Non è previsto un servizio di interprete a distanza nelle strutture sanitarie.,Accessibilità/barriere architettoniche/mobilità e trasporti/barriere digitali e media
Barriera architettonica segnalata [SEP] Il portale per l'autocertificazione non funziona con la tastiera senza mouse.,Accessibilità/barriere architettoniche/mobilità e trasporti/barriere digitali e media
Trasporto non accessibile [SEP] Il modulo online per la richiesta di servizi non è compatibile con screen reader.,Accessibilità/barriere architettoniche/mobilità e trasporti/barriere digitali e media
Barriera architettonica segnalata [SEP] Il parcheggio riservato ai disabili viene regolarmente occupato da veicoli non autorizzati.,Accessibilità/barriere architettoniche/mobilità e trasporti/barriere digitali e media
Barriera architettonica segnalata [SEP] Non è attivo il servizio Deroga ZTL per veicoli adattati.,Accessibilità/barriere architettoniche/mobilità e trasporti/barriere digitali e media
Sito web non accessibile [SEP] La rampa di accesso alla stazione è troppo ripida per una carrozzina autonoma.,Accessibilità/barriere architettoniche/mobilità e trasporti/barriere digitali e media
Trasporto non accessibile [SEP] L'ufficio postale non è raggiungibile con sedia a rotelle.,Accessibilità/barriere architettoniche/mobilità e trasporti/barriere digitali e media
Sito web non accessibile [SEP] L'ingresso principale del municipio non ha apertura automatica delle porte.,Accessibilità/barriere architettoniche/mobilità e trasporti/barriere digitali e media
Sito web non accessibile [SEP] Il sito web dell'ospedale non ha versione ad alto contrasto per ipovedenti.,Accessibilità/barriere architettoniche/mobilità e trasporti/barriere digitali e media
Barriera architettonica segnalata [SEP] Il modulo online per la richiesta di servizi non è compatibile con screen reader.,Accessibilità/barriere architettoniche/mobilità e trasporti/barriere digitali e media
Sito web non accessibile [SEP] Il sito web dell'ospedale non ha versione ad alto contrasto per ipovedenti.,Accessibilità/barriere architettoniche/mobilità e trasporti/barriere digitali e media
Trasporto non accessibile [SEP] La stazione ferroviaria non dispone di ascensore per i binari.,Accessibilità/barriere architettoniche/mobilità e trasporti/barriere digitali e media
Barriera architettonica segnalata [SEP] L'app mobile del Comune non è compatibile con i software di lettura vocale.,Accessibilità/barriere architettoniche/mobilità e trasporti/barriere digitali e media
Trasporto non accessibile [SEP] La stazione ferroviaria non dispone di ascensore per i binari.,Accessibilità/barriere architettoniche/mobilità e trasporti/barriere digitali e media
Trasporto non accessibile [SEP] Le scale mobili della metropolitana sono spesso fuori servizio.,Accessibilità/barriere architettoniche/mobilità e trasporti/barriere digitali e media
Trasporto non accessibile [SEP] La fermata del bus non è dotata di pedana rialzata.,Accessibilità/barriere architettoniche/mobilità e trasporti/barriere digitali e media
Trasporto non accessibile [SEP] La programmazione televisiva locale non prevede sottotitoli.,Accessibilità/barriere architettoniche/mobilità e trasporti/barriere digitali e media
Trasporto non accessibile [SEP] Il sito istituzionale non risponde agli standard WCAG di accessibilità.,Accessibilità/barriere architettoniche/mobilità e trasporti/barriere digitali e media
Barriera architettonica segnalata [SEP] Non esiste una versione in linguaggio facile dei documenti ufficiali.,Accessibilità/barriere architettoniche/mobilità e trasporti/barriere digitali e media
Barriera architettonica segnalata [SEP] Non è attivo il servizio Deroga ZTL per veicoli adattati.,Accessibilità/barriere architettoniche/mobilità e trasporti/barriere digitali e media
Barriera architettonica segnalata [SEP] Il semaforo non emette segnale sonoro per i non vedenti.,Accessibilità/barriere architettoniche/mobilità e trasporti/barriere digitali e media
Trasporto non accessibile [SEP] Non è disponibile un servizio di trasporto adattato nel territorio.,Accessibilità/barriere architettoniche/mobilità e trasporti/barriere digitali e media
Barriera architettonica segnalata [SEP] Non è disponibile un servizio di trasporto adattato nel territorio.,Accessibilità/barriere architettoniche/mobilità e trasporti/barriere digitali e media
Sito web non accessibile [SEP] Non sono disponibili documenti sanitari in formato accessibile.,Accessibilità/barriere architettoniche/mobilità e trasporti/barriere digitali e media
Trasporto non accessibile [SEP] L'ufficio postale non è raggiungibile con sedia a rotelle.,Accessibilità/barriere architettoniche/mobilità e trasporti/barriere digitali e media
Sito web non accessibile [SEP] Il sito web dell'ospedale non ha versione ad alto contrasto per ipovedenti.,Accessibilità/barriere architettoniche/mobilità e trasporti/barriere digitali e media
Sito web non accessibile [SEP] Non esiste un percorso accessibile tra la fermata del bus e l'ospedale.,Accessibilità/barriere architettoniche/mobilità e trasporti/barriere digitali e media
Trasporto non accessibile [SEP] La stazione ferroviaria non dispone di ascensore per i binari.,Accessibilità/barriere architettoniche/mobilità e trasporti/barriere digitali e media
Trasporto non accessibile [SEP] Il mezzo pubblico non dispone di pedana per la salita in carrozzina.,Accessibilità/barriere architettoniche/mobilità e trasporti/barriere digitali e media
Trasporto non accessibile [SEP] La piattaforma di telemedicina non funziona correttamente con le tecnologie assistive.,Accessibilità/barriere architettoniche/mobilità e trasporti/barriere digitali e media
Sito web non accessibile [SEP] Il treno regionale non dispone di spazio per la carrozzina nel vagone.,Accessibilità/barriere architettoniche/mobilità e trasporti/barriere digitali e media
Trasporto non accessibile [SEP] Le strisce pedonali non hanno segnalazione tattile a terra.,Accessibilità/barriere architettoniche/mobilità e trasporti/barriere digitali e media
Sito web non accessibile [SEP] Il portale web del Comune non è accessibile agli utenti non vedenti.,Accessibilità/barriere architettoniche/mobilità e trasporti/barriere digitali e media
Sito web non accessibile [SEP] Non è previsto un servizio di interprete a distanza nelle strutture sanitarie.,Accessibilità/barriere architettoniche/mobilità e trasporti/barriere digitali e media
Sito web non accessibile [SEP] Il servizio di trasporto scolastico non è disponibile per alunni con carrozzina.,Accessibilità/barriere architettoniche/mobilità e trasporti/barriere digitali e media
Barriera architettonica segnalata [SEP] L'app mobile del Comune non è compatibile con i software di lettura vocale.,Accessibilità/barriere architettoniche/mobilità e trasporti/barriere digitali e media
Sito web non accessibile [SEP] Il parcheggio multipiano non ha spazi adeguati per veicoli adattati.,Accessibilità/barriere architettoniche/mobilità e trasporti/barriere digitali e media
Sito web non accessibile [SEP] Non è presente segnaletica in Braille negli uffici pubblici.,Accessibilità/barriere architettoniche/mobilità e trasporti/barriere digitali e media
Barriera architettonica segnalata [SEP] Il sito web dell'ospedale non ha versione ad alto contrasto per ipovedenti.,Accessibilità/barriere architettoniche/mobilità e trasporti/barriere digitali e media
Sito web non accessibile [SEP] Il taxi adattato non copre le fasce orarie notturne.,Accessibilità/barriere architettoniche/mobilità e trasporti/barriere digitali e media
Trasporto non accessibile [SEP] Non è disponibile un servizio di trasporto adattato nel territorio.,Accessibilità/barriere architettoniche/mobilità e trasporti/barriere digitali e media
Barriera architettonica segnalata [SEP] L'ufficio postale non è raggiungibile con sedia a rotelle.,Accessibilità/barriere architettoniche/mobilità e trasporti/barriere digitali e media
Barriera architettonica segnalata [SEP] Non è previsto un servizio di interprete a distanza nelle strutture sanitarie.,Accessibilità/barriere architettoniche/mobilità e trasporti/barriere digitali e media
Trasporto non accessibile [SEP] Il modulo online per la richiesta di servizi non è compatibile con screen reader.,Accessibilità/barriere architettoniche/mobilità e trasporti/barriere digitali e media
Barriera architettonica segnalata [SEP] Il servizio di trasporto scolastico non è disponibile per alunni con carrozzina.,Accessibilità/barriere architettoniche/mobilità e trasporti/barriere digitali e media
Trasporto non accessibile [SEP] La rampa di accesso alla stazione è troppo ripida per una carrozzina autonoma.,Accessibilità/barriere architettoniche/mobilità e trasporti/barriere digitali e media
Trasporto non accessibile [SEP] Il sito dell'ASL non consente la prenotazione di visite con sintesi vocale.,Accessibilità/barriere architettoniche/mobilità e trasporti/barriere digitali e media
Trasporto non accessibile [SEP] Il treno regionale non dispone di spazio per la carrozzina nel vagone.,Accessibilità/barriere architettoniche/mobilità e trasporti/barriere digitali e media
Barriera architettonica segnalata [SEP] Il sito istituzionale non risponde agli standard WCAG di accessibilità.,Accessibilità/barriere architettoniche/mobilità e trasporti/barriere digitali e media
Trasporto non accessibile [SEP] Non esiste segnaletica in lingua facile negli uffici sanitari.,Accessibilità/barriere architettoniche/mobilità e trasporti/barriere digitali e media
Sito web non accessibile [SEP] La stazione ferroviaria non dispone di ascensore per i binari.,Accessibilità/barriere architettoniche/mobilità e trasporti/barriere digitali e media
Sito web non accessibile [SEP] Non è presente segnaletica in Braille negli uffici pubblici.,Accessibilità/barriere architettoniche/mobilità e trasporti/barriere digitali e media
Sito web non accessibile [SEP] La rampa di accesso alla stazione è troppo ripida per una carrozzina autonoma.,Accessibilità/barriere architettoniche/mobilità e trasporti/barriere digitali e media
Sito web non accessibile [SEP] Il portale per l'autocertificazione non funziona con la tastiera senza mouse.,Accessibilità/barriere architettoniche/mobilità e trasporti/barriere digitali e media
Trasporto non accessibile [SEP] Non è disponibile il Wi-Fi pubblico nelle strutture comunali.,Accessibilità/barriere architettoniche/mobilità e trasporti/barriere digitali e media
Barriera architettonica segnalata [SEP] Le scale mobili della metropolitana sono spesso fuori servizio.,Accessibilità/barriere architettoniche/mobilità e trasporti/barriere digitali e media
Barriera architettonica segnalata [SEP] Le scale mobili della metropolitana sono spesso fuori servizio.,Accessibilità/barriere architettoniche/mobilità e trasporti/barriere digitali e media
Barriera architettonica segnalata [SEP] Le strisce pedonali non hanno segnalazione tattile a terra.,Accessibilità/barriere architettoniche/mobilità e trasporti/barriere digitali e media
Sito web non accessibile [SEP] Il sito istituzionale non risponde agli standard WCAG di accessibilità.,Accessibilità/barriere architettoniche/mobilità e trasporti/barriere digitali e media
Barriera architettonica segnalata [SEP] L'ufficio postale non è raggiungibile con sedia a rotelle.,Accessibilità/barriere architettoniche/mobilità e trasporti/barriere digitali e media
Sito web non accessibile [SEP] Non è disponibile l'interprete LIS nei servizi pubblici locali.,Accessibilità/barriere architettoniche/mobilità e trasporti/barriere digitali e media
Barriera architettonica segnalata [SEP] L'edificio comunale non dispone di rampa di accesso per sedie a rotelle.,Accessibilità/barriere architettoniche/mobilità e trasporti/barriere digitali e media
Trasporto non accessibile [SEP] Non esiste un percorso accessibile tra la fermata del bus e l'ospedale.,Accessibilità/barriere architettoniche/mobilità e trasporti/barriere digitali e media
Trasporto non accessibile [SEP] La stazione ferroviaria non dispone di ascensore per i binari.,Accessibilità/barriere architettoniche/mobilità e trasporti/barriere digitali e media
Barriera architettonica segnalata [SEP] Il marciapiede è ostruito da ostacoli che impediscono il transito in sedia a rotelle.,Accessibilità/barriere architettoniche/mobilità e trasporti/barriere digitali e media
Trasporto non accessibile [SEP] L'app di prenotazione del trasporto non è disponibile per utenti con disabilità visiva.,Accessibilità/barriere architettoniche/mobilità e trasporti/barriere digitali e media
Barriera architettonica segnalata [SEP] Il taxi adattato non copre le fasce orarie notturne.,Accessibilità/barriere architettoniche/mobilità e trasporti/barriere digitali e media
Sito web non accessibile [SEP] La stazione ferroviaria non dispone di ascensore per i binari.,Accessibilità/barriere architettoniche/mobilità e trasporti/barriere digitali e media
Trasporto non accessibile [SEP] Non è stato rimosso il gradino d'ingresso dell'ufficio anagrafe.,Accessibilità/barriere architettoniche/mobilità e trasporti/barriere digitali e media
Barriera architettonica segnalata [SEP] Non è attivo il servizio Deroga ZTL per veicoli adattati.,Accessibilità/barriere architettoniche/mobilità e trasporti/barriere digitali e media
Trasporto non accessibile [SEP] Il bus di linea non si abbassa con il sistema pneumatico per facilitare la salita.,Accessibilità/barriere architettoniche/mobilità e trasporti/barriere digitali e media
Sito web non accessibile [SEP] Il sito istituzionale non risponde agli standard WCAG di accessibilità.,Accessibilità/barriere architettoniche/mobilità e trasporti/barriere digitali e media
Barriera architettonica segnalata [SEP] Non esiste un servizio di accompagnamento per le persone non autosufficienti.,Accessibilità/barriere architettoniche/mobilità e trasporti/barriere digitali e media
Sito web non accessibile [SEP] L'app di prenotazione del trasporto non è disponibile per utenti con disabilità visiva.,Accessibilità/barriere architettoniche/mobilità e trasporti/barriere digitali e media
Sito web non accessibile [SEP] Il parcheggio multipiano non ha spazi adeguati per veicoli adattati.,Accessibilità/barriere architettoniche/mobilità e trasporti/barriere digitali e media
Sito web non accessibile [SEP] Il modulo online per la richiesta di servizi non è compatibile con screen reader.,Accessibilità/barriere architettoniche/mobilità e trasporti/barriere digitali e media
Barriera architettonica segnalata [SEP] Il treno regionale non dispone di spazio per la carrozzina nel vagone.,Accessibilità/barriere architettoniche/mobilità e trasporti/barriere digitali e media
Sito web non accessibile [SEP] La biblioteca non dispone di audiolibri aggiornati.,Accessibilità/barriere architettoniche/mobilità e trasporti/barriere digitali e media
Trasporto non accessibile [SEP] Le scale mobili della metropolitana sono spesso fuori servizio.,Accessibilità/barriere architettoniche/mobilità e trasporti/barriere digitali e media
Barriera architettonica segnalata [SEP] Il taxi adattato non copre le fasce orarie notturne.,Accessibilità/barriere architettoniche/mobilità e trasporti/barriere digitali e media
Barriera architettonica segnalata [SEP] La programmazione televisiva locale non prevede sottotitoli.,Accessibilità/barriere architettoniche/mobilità e trasporti/barriere digitali e media
Barriera architettonica segnalata [SEP] Non è disponibile un servizio di trasporto adattato nel territorio.,Accessibilità/barriere architettoniche/mobilità e trasporti/barriere digitali e media
Sito web non accessibile [SEP] Il treno regionale non dispone di spazio per la carrozzina nel vagone.,Accessibilità/barriere architettoniche/mobilità e trasporti/barriere digitali e media
Trasporto non accessibile [SEP] Non è previsto un servizio di interprete a distanza nelle strutture sanitarie.,Accessibilità/barriere architettoniche/mobilità e trasporti/barriere digitali e media
Trasporto non accessibile [SEP] L'app di prenotazione del trasporto non è disponibile per utenti con disabilità visiva.,Accessibilità/barriere architettoniche/mobilità e trasporti/barriere digitali e media
Barriera architettonica segnalata [SEP] L'app di prenotazione del trasporto non è disponibile per utenti con disabilità visiva.,Accessibilità/barriere architettoniche/mobilità e trasporti/barriere digitali e media
Barriera architettonica segnalata [SEP] Non esiste una versione in linguaggio facile dei documenti ufficiali.,Accessibilità/barriere architettoniche/mobilità e trasporti/barriere digitali e media
Barriera architettonica segnalata [SEP] Il sito dell'ASL non consente la prenotazione di visite con sintesi vocale.,Accessibilità/barriere architettoniche/mobilità e trasporti/barriere digitali e media
Trasporto non accessibile [SEP] Non esiste un piano comunale per il trasporto di persone con grave disabilità.,Accessibilità/barriere architettoniche/mobilità e trasporti/barriere digitali e media
Trasporto non accessibile [SEP] Il servizio di trasporto scolastico non è disponibile per alunni con carrozzina.,Accessibilità/barriere architettoniche/mobilità e trasporti/barriere digitali e media
Sito web non accessibile [SEP] Non esiste segnaletica in lingua facile negli uffici sanitari.,Accessibilità/barriere architettoniche/mobilità e trasporti/barriere digitali e media
Sito web non accessibile [SEP] Il parcheggio multipiano non ha spazi adeguati per veicoli adattati.,Accessibilità/barriere architettoniche/mobilità e trasporti/barriere digitali e media
Trasporto non accessibile [SEP] Il bus di linea non si abbassa con il sistema pneumatico per facilitare la salita.,Accessibilità/barriere architettoniche/mobilità e trasporti/barriere digitali e media
Sito web non accessibile [SEP] Il mezzo pubblico non dispone di pedana per la salita in carrozzina.,Accessibilità/barriere architettoniche/mobilità e trasporti/barriere digitali e media
Barriera architettonica segnalata [SEP] Non è attivo il servizio Deroga ZTL per veicoli adattati.,Accessibilità/barriere architettoniche/mobilità e trasporti/barriere digitali e media
Collocamento mirato fermo [SEP] Non è stato attivato il progetto di inclusione lavorativa finanziato dal Comune.,Inclusione lavorativa
Tirocinio non attivato [SEP] Non sono stati attivati percorsi di formazione professionale adattati.,Inclusione lavorativa
Collocamento mirato fermo [SEP] Non vengono organizzati stage in aziende con esperienze di inclusione consolidate.,Inclusione lavorativa
Tirocinio non attivato [SEP] Non esistono incentivi per le imprese che assumono persone con disabilità nel territorio.,Inclusione lavorativa
Collocamento mirato fermo [SEP] Non viene effettuata la verifica periodica del percorso di inserimento.,Inclusione lavorativa
Mancanza supporto inserimento lavoro [SEP] Non è stato rispettato il piano di inserimento progressivo nelle mansioni.,Inclusione lavorativa
Tirocinio non attivato [SEP] Il progetto di orientamento non include la conoscenza dei diritti del lavoratore.,Inclusione lavorativa
Mancanza supporto inserimento lavoro [SEP] Il progetto di orientamento non include la conoscenza dei diritti del lavoratore.,Inclusione lavorativa
Mancanza supporto inserimento lavoro [SEP] Il percorso lavorativo non è stato personalizzato sulle potenzialità della persona.,Inclusione lavorativa
Mancanza supporto inserimento lavoro [SEP] Non esistono incentivi per le imprese che assumono persone con disabilità nel territorio.,Inclusione lavorativa
Mancanza supporto inserimento lavoro [SEP] Non vengono organizzati stage in aziende con esperienze di inclusione consolidate.,Inclusione lavorativa
Collocamento mirato fermo [SEP] L'inserimento in cooperativa sociale non ha previsto un percorso di tutoraggio.,Inclusione lavorativa
Tirocinio non attivato [SEP] Non è stato rispettato il piano di inserimento progressivo nelle mansioni.,Inclusione lavorativa
Tirocinio non attivato [SEP] Non è stato predisposto un piano di accompagnamento personalizzato al lavoro.,Inclusione lavorativa
Collocamento mirato fermo [SEP] La persona ha concluso la formazione ma non ha trovato sbocchi lavorativi.,Inclusione lavorativa
Mancanza supporto inserimento lavoro [SEP] L'azienda convenzionata non ha rispettato i tempi previsti per l'inserimento.,Inclusione lavorativa
Mancanza supporto inserimento lavoro [SEP] Il percorso di inclusione lavorativa non è stato adeguato alla diagnosi aggiornata.,Inclusione lavorativa
Mancanza supporto inserimento lavoro [SEP] Non è stata garantita la riservatezza dei dati sanitari durante la selezione.,Inclusione lavorativa
Collocamento mirato fermo [SEP] Non viene garantita una sede di lavoro accessibile nell'ambito del collocamento.,Inclusione lavorativa
Tirocinio non attivato [SEP] Non è prevista la figura del job coach nel progetto di inserimento.,Inclusione lavorativa
Collocamento mirato fermo [SEP] Non è stato rispettato il piano di inserimento progressivo nelle mansioni.,Inclusione lavorativa
Collocamento mirato fermo [SEP] La borsa lavoro è stata interrotta prima del completamento del percorso.,Inclusione lavorativa
Tirocinio non attivato [SEP] Il percorso di tirocinio formativo non è stato avviato nonostante la richiesta.,Inclusione lavorativa
Tirocinio non attivato [SEP] Il candidato con disabilità è stato scartato senza che venisse applicato il collocamento obbligatorio.,Inclusione lavorativa
Tirocinio non attivato [SEP] Il candidato non è stato informato delle agevolazioni previste per le aziende.,Inclusione lavorativa
Tirocinio non attivato [SEP] Non è stato predisposto un piano di accompagnamento personalizzato al lavoro.,Inclusione lavorativa
Collocamento mirato fermo [SEP] Non è disponibile un servizio di mediazione tra persona con disabilità e datore di lavoro.,Inclusione lavorativa
Mancanza supporto inserimento lavoro [SEP] Non è previsto un fondo per coprire i costi degli ausili sul posto di lavoro.,Inclusione lavorativa
Mancanza supporto inserimento lavoro [SEP] Il servizio non ha risposto alla richiesta di attivazione del collocamento mirato.,Inclusione lavorativa
Collocamento mirato fermo [SEP] Non è stato attivato nessun percorso di alternanza scuola-lavoro adatto.,Inclusione lavorativa
Tirocinio non attivato [SEP] Non sono state attivate convenzioni con aziende private per l'inserimento.,Inclusione lavorativa
Mancanza supporto inserimento lavoro [SEP] Non sono state attivate convenzioni con aziende private per l'inserimento.,Inclusione lavorativa
Tirocinio non attivato [SEP] Il tutoraggio aziendale è stato affidato a una persona non formata.,Inclusione lavorativa
Collocamento mirato fermo [SEP] Non esistono cooperative sociali di tipo B attive nel territorio.,Inclusione lavorativa
Collocamento mirato fermo [SEP] Non sono state attivate convenzioni con aziende private per l'inserimento.,Inclusione lavorativa
Collocamento mirato fermo [SEP] Non esistono cooperative sociali di tipo B attive nel territorio.,Inclusione lavorativa
Collocamento mirato fermo [SEP] Non è stato attivato il servizio di assistenza in loco durante il tirocinio.,Inclusione lavorativa
Mancanza supporto inserimento lavoro [SEP] Non è previsto un fondo per coprire i costi degli ausili sul posto di lavoro.,Inclusione lavorativa
Tirocinio non attivato [SEP] Il progetto di inserimento lavorativo è stato sospeso senza motivazione.,Inclusione lavorativa
Tirocinio non attivato [SEP] Il curriculum vitae del candidato con disabilità non viene preso in considerazione.,Inclusione lavorativa
Mancanza supporto inserimento lavoro [SEP] Non è stato rispettato il piano di inserimento progressivo nelle mansioni.,Inclusione lavorativa
Mancanza supporto inserimento lavoro [SEP] Il giovane con disabilità intellettiva non ha accesso ai percorsi di apprendistato.,Inclusione lavorativa
Collocamento mirato fermo [SEP] Il progetto di orientamento non include la conoscenza dei diritti del lavoratore.,Inclusione lavorativa
Mancanza supporto inserimento lavoro [SEP] La borsa lavoro è stata interrotta prima del completamento del percorso.,Inclusione lavorativa
Mancanza supporto inserimento lavoro [SEP] Il candidato non è stato informato delle agevolazioni previste per le aziende.,Inclusione lavorativa
Tirocinio non attivato [SEP] Non viene effettuata la verifica periodica del percorso di inserimento.,Inclusione lavorativa
Tirocinio non attivato [SEP] Non sono stati attivati percorsi di formazione professionale adattati.,Inclusione lavorativa
Mancanza supporto inserimento lavoro [SEP] Il servizio di accompagnamento al lavoro non copre i week-end.,Inclusione lavorativa
Mancanza supporto inserimento lavoro [SEP] Il giovane con disabilità intellettiva non ha accesso ai percorsi di apprendistato.,Inclusione lavorativa
Tirocinio non attivato [SEP] Il percorso lavorativo non è stato personalizzato sulle potenzialità della persona.,Inclusione lavorativa
Collocamento mirato fermo [SEP] Non è stato rispettato il piano di inserimento progressivo nelle mansioni.,Inclusione lavorativa
Tirocinio non attivato [SEP] La persona con disabilità visiva non ha accesso ai corsi di informatica necessari.,Inclusione lavorativa
Tirocinio non attivato [SEP] Il servizio di accompagnamento al lavoro non copre i week-end.,Inclusione lavorativa
Collocamento mirato fermo [SEP] La convenzione tra azienda e servizi è scaduta senza rinnovo.,Inclusione lavorativa
Collocamento mirato fermo [SEP] Non è stato predisposto un piano di accompagnamento personalizzato al lavoro.,Inclusione lavorativa
Collocamento mirato fermo [SEP] Il tutoraggio aziendale è stato affidato a una persona non formata.,Inclusione lavorativa
Mancanza supporto inserimento lavoro [SEP] La famiglia non è stata coinvolta nel progetto di inserimento lavorativo.,Inclusione lavorativa
Collocamento mirato fermo [SEP] Il tirocinio non è stato rinnovato nonostante la valutazione positiva.,Inclusione lavorativa
Collocamento mirato fermo [SEP] Non esistono cooperative sociali di tipo B attive nel territorio.,Inclusione lavorativa
Mancanza supporto inserimento lavoro [SEP] Non viene garantita una sede di lavoro accessibile nell'ambito del collocamento.,Inclusione lavorativa
Tirocinio non attivato [SEP] Il curriculum vitae del candidato con disabilità non viene preso in considerazione.,Inclusione lavorativa
Tirocinio non attivato [SEP] La famiglia non è stata coinvolta nel progetto di inserimento lavorativo.,Inclusione lavorativa
Collocamento mirato fermo [SEP] Il candidato con disabilità è stato scartato senza che venisse applicato il collocamento obbligatorio.,Inclusione lavorativa
Tirocinio non attivato [SEP] Non sono state attivate convenzioni con aziende private per l'inserimento.,Inclusione lavorativa
Tirocinio non attivato [SEP] La famiglia non è stata coinvolta nel progetto di inserimento lavorativo.,Inclusione lavorativa
Tirocinio non attivato [SEP] Non viene effettuata la verifica periodica del percorso di inserimento.,Inclusione lavorativa
Mancanza supporto inserimento lavoro [SEP] Non è stato attivato il progetto di inclusione lavorativa finanziato dal Comune.,Inclusione lavorativa
Tirocinio non attivato [SEP] L'inserimento in cooperativa sociale non ha previsto un percorso di tutoraggio.,Inclusione lavorativa
Collocamento mirato fermo [SEP] Non è stata effettuata la valutazione delle competenze della persona con disabilità.,Inclusione lavorativa
Mancanza supporto inserimento lavoro [SEP] Il percorso di tirocinio formativo non è stato avviato nonostante la richiesta.,Inclusione lavorativa
Mancanza supporto inserimento lavoro [SEP] Non esistono incentivi per le imprese che assumono persone con disabilità nel territorio.,Inclusione lavorativa
Mancanza supporto inserimento lavoro [SEP] Il percorso di inclusione lavorativa non è stato adeguato alla diagnosi aggiornata.,Inclusione lavorativa
Tirocinio non attivato [SEP] La persona ha concluso la formazione ma non ha trovato sbocchi lavorativi.,Inclusione lavorativa
Mancanza supporto inserimento lavoro [SEP] La famiglia non è stata coinvolta nel progetto di inserimento lavorativo.,Inclusione lavorativa
Mancanza supporto inserimento lavoro [SEP] Non è stato attivato nessun percorso di alternanza scuola-lavoro adatto.,Inclusione lavorativa
Mancanza supporto inserimento lavoro [SEP] Non viene effettuata la verifica periodica del percorso di inserimento.,Inclusione lavorativa
Mancanza supporto inserimento lavoro [SEP] Non è stato previsto un adattamento degli orari per esigenze terapeutiche.,Inclusione lavorativa
Mancanza supporto inserimento lavoro [SEP] La persona con disabilità visiva non ha accesso ai corsi di informatica necessari.,Inclusione lavorativa
Collocamento mirato fermo [SEP] Il progetto di inserimento lavorativo è stato sospeso senza motivazione.,Inclusione lavorativa
Tirocinio non attivato [SEP] Il dossier di presentazione al datore di lavoro non include le esigenze specifiche del candidato.,Inclusione lavorativa
Collocamento mirato fermo [SEP] Non esiste raccordo tra servizi sociali e centri per l'impiego.,Inclusione lavorativa
Mancanza supporto inserimento lavoro [SEP] Non è stata effettuata la valutazione delle competenze della persona con disabilità.,Inclusione lavorativa
Collocamento mirato fermo [SEP] La famiglia non è stata coinvolta nel progetto di inserimento lavorativo.,Inclusione lavorativa
Collocamento mirato fermo [SEP] Non sono state attivate convenzioni con aziende private per l'inserimento.,Inclusione lavorativa
Tirocinio non attivato [SEP] Il servizio non ha risposto alla richiesta di attivazione del collocamento mirato.,Inclusione lavorativa
Mancanza supporto inserimento lavoro [SEP] La famiglia non è stata coinvolta nel progetto di inserimento lavorativo.,Inclusione lavorativa
Tirocinio non attivato [SEP] Non viene garantita una sede di lavoro accessibile nell'ambito del collocamento.,Inclusione lavorativa
Mancanza supporto inserimento lavoro [SEP] Non è stato attivato il progetto di inclusione lavorativa finanziato dal Comune.,Inclusione lavorativa
Tirocinio non attivato [SEP] Il servizio non ha risposto alla richiesta di attivazione del collocamento mirato.,Inclusione lavorativa
Mancanza supporto inserimento lavoro [SEP] Non viene garantita una sede di lavoro accessibile nell'ambito del collocamento.,Inclusione lavorativa
Tirocinio non attivato [SEP] Il percorso di autonomia lavorativa non prevede attività di simulazione.,Inclusione lavorativa
Tirocinio non attivato [SEP] Non è stata garantita la riservatezza dei dati sanitari durante la selezione.,Inclusione lavorativa
Mancanza supporto inserimento lavoro [SEP] Il tutoraggio aziendale è stato affidato a una persona non formata.,Inclusione lavorativa
Collocamento mirato fermo [SEP] Non è stata effettuata la valutazione delle competenze della persona con disabilità.,Inclusione lavorativa
Collocamento mirato fermo [SEP] Il giovane con disabilità intellettiva non ha accesso ai percorsi di apprendistato.,Inclusione lavorativa
Mancanza supporto inserimento lavoro [SEP] Non è disponibile un servizio di mediazione tra persona con disabilità e datore di lavoro.,Inclusione lavorativa
Tirocinio non attivato [SEP] Il tutoraggio aziendale è stato affidato a una persona non formata.,Inclusione lavorativa
Collocamento mirato fermo [SEP] Non vengono organizzati incontri tra persone con disabilità e potenziali datori di lavoro.,Inclusione lavorativa
Mancanza supporto inserimento lavoro [SEP] Non è stato attivato il progetto di inclusione lavorativa finanziato dal Comune.,Inclusione lavorativa
Collocamento mirato fermo [SEP] Non è stata garantita la riservatezza dei dati sanitari durante la selezione.,Inclusione lavorativa
Mancanza supporto inserimento lavoro [SEP] Non è stata effettuata la valutazione delle competenze della persona con disabilità.,Inclusione lavorativa
Collocamento mirato fermo [SEP] Non sono state attivate convenzioni con aziende private per l'inserimento.,Inclusione lavorativa
Mancanza supporto inserimento lavoro [SEP] Non esiste raccordo tra servizi sociali e centri per l'impiego.,Inclusione lavorativa
Mancanza supporto inserimento lavoro [SEP] Non è stato attivato il progetto di inclusione lavorativa finanziato dal Comune.,Inclusione lavorativa
Tirocinio non attivato [SEP] Non esistono cooperative sociali di tipo B attive nel territorio.,Inclusione lavorativa
Tirocinio non attivato [SEP] Non è stata effettuata la valutazione delle competenze della persona con disabilità.,Inclusione lavorativa
Tirocinio non attivato [SEP] Non è prevista la figura del job coach nel progetto di inserimento.,Inclusione lavorativa
Collocamento mirato fermo [SEP] Il giovane con disabilità intellettiva non ha accesso ai percorsi di apprendistato.,Inclusione lavorativa
Collocamento mirato fermo [SEP] Non vengono organizzati stage in aziende con esperienze di inclusione consolidate.,Inclusione lavorativa
Tirocinio non attivato [SEP] Non sono stati attivati percorsi di formazione professionale adattati.,Inclusione lavorativa
Collocamento mirato fermo [SEP] Il tutoraggio aziendale è stato affidato a una persona non formata.,Inclusione lavorativa
Tirocinio non attivato [SEP] Il servizio di accompagnamento al lavoro non copre i week-end.,Inclusione lavorativa
Tirocinio non attivato [SEP] Non esiste un servizio di orientamento lavorativo per persone con disabilità nel territorio.,Inclusione lavorativa
Mancanza supporto inserimento lavoro [SEP] Non è prevista la figura del job coach nel progetto di inserimento.,Inclusione lavorativa
Collocamento mirato fermo [SEP] La persona con disabilità visiva non ha accesso ai corsi di informatica necessari.,Inclusione lavorativa
Mancanza supporto inserimento lavoro [SEP] Non esiste un servizio di orientamento lavorativo per persone con disabilità nel territorio.,Inclusione lavorativa
Collocamento mirato fermo [SEP] Il progetto di work inclusion non include competenze digitali di base.,Inclusione lavorativa
Collocamento mirato fermo [SEP] Non è stato rispettato il piano di inserimento progressivo nelle mansioni.,Inclusione lavorativa
Mancanza supporto inserimento lavoro [SEP] Il Centro per l'impiego non ha personale formato per il collocamento mirato.,Inclusione lavorativa
Mancanza supporto inserimento lavoro [SEP] Non vengono organizzati incontri tra persone con disabilità e potenziali datori di lavoro.,Inclusione lavorativa
Mancanza supporto inserimento lavoro [SEP] Non è stato attivato nessun percorso di alternanza scuola-lavoro adatto.,Inclusione lavorativa
Tirocinio non attivato [SEP] Il progetto di work inclusion non include competenze digitali di base.,Inclusione lavorativa
Tirocinio non attivato [SEP] Non è stato attivato nessun percorso di alternanza scuola-lavoro adatto.,Inclusione lavorativa
Tirocinio non attivato [SEP] Non è stato attivato il servizio di assistenza in loco durante il tirocinio.,Inclusione lavorativa
Collocamento mirato fermo [SEP] La persona con disabilità psichica non ha accesso ai programmi di reinserimento.,Inclusione lavorativa
Collocamento mirato fermo [SEP] Non esistono cooperative sociali di tipo B attive nel territorio.,Inclusione lavorativa
Mancanza supporto inserimento lavoro [SEP] Non sono state attivate convenzioni con aziende private per l'inserimento.,Inclusione lavorativa
Tirocinio non attivato [SEP] La borsa lavoro è stata interrotta prima del completamento del percorso.,Inclusione lavorativa
Tirocinio non attivato [SEP] Non è prevista la figura del job coach nel progetto di inserimento.,Inclusione lavorativa
Collocamento mirato fermo [SEP] Non è disponibile un servizio di mediazione tra persona con disabilità e datore di lavoro.,Inclusione lavorativa
Collocamento mirato fermo [SEP] Il percorso di tirocinio formativo non è stato avviato nonostante la richiesta.,Inclusione lavorativa
Collocamento mirato fermo [SEP] Non è prevista la figura del job coach nel progetto di inserimento.,Inclusione lavorativa
Tirocinio non attivato [SEP] Non sono stati attivati percorsi di formazione professionale adattati.,Inclusione lavorativa
Mancanza supporto inserimento lavoro [SEP] Il candidato con disabilità è stato scartato senza che venisse applicato il collocamento obbligatorio.,Inclusione lavorativa
Collocamento mirato fermo [SEP] Non è stata garantita la presenza del tutor durante il periodo di tirocinio.,Inclusione lavorativa
Collocamento mirato fermo [SEP] Non è stato attivato il progetto di inclusione lavorativa finanziato dal Comune.,Inclusione lavorativa
Collocamento mirato fermo [SEP] Il giovane con disabilità intellettiva non ha accesso ai percorsi di apprendistato.,Inclusione lavorativa
Collocamento mirato fermo [SEP] Non esistono incentivi per le imprese che assumono persone con disabilità nel territorio.,Inclusione lavorativa
Mancanza supporto inserimento lavoro [SEP] Non è stato attivato il progetto di inclusione lavorativa finanziato dal Comune.,Inclusione lavorativa
Mancanza supporto inserimento lavoro [SEP] Non è stata garantita la riservatezza dei dati sanitari durante la selezione.,Inclusione lavorativa
Mancanza supporto inserimento lavoro [SEP] Non esiste raccordo tra servizi sociali e centri per l'impiego.,Inclusione lavorativa
Collocamento mirato fermo [SEP] Non esistono cooperative sociali di tipo B attive nel territorio.,Inclusione lavorativa
Mancanza supporto inserimento lavoro [SEP] Il progetto di orientamento non include la conoscenza dei diritti del lavoratore.,Inclusione lavorativa
Tirocinio non attivato [SEP] Non esistono cooperative sociali di tipo B attive nel territorio.,Inclusione lavorativa
Collocamento mirato fermo [SEP] La persona con disabilità visiva non ha accesso ai corsi di informatica necessari.,Inclusione lavorativa
Tirocinio non attivato [SEP] Il percorso di inclusione lavorativa non è stato adeguato alla diagnosi aggiornata.,Inclusione lavorativa
Mancanza supporto inserimento lavoro [SEP] Il progetto di orientamento non include la conoscenza dei diritti del lavoratore.,Inclusione lavorativa
Mancanza supporto inserimento lavoro [SEP] Il Centro per l'impiego non ha personale formato per il collocamento mirato.,Inclusione lavorativa
Mancanza supporto inserimento lavoro [SEP] Non è previsto un fondo per coprire i costi degli ausili sul posto di lavoro.,Inclusione lavorativa
Collocamento mirato fermo [SEP] La famiglia non è stata coinvolta nel progetto di inserimento lavorativo.,Inclusione lavorativa
Collocamento mirato fermo [SEP] Non sono state attivate convenzioni con aziende private per l'inserimento.,Inclusione lavorativa
Tirocinio non attivato [SEP] Il percorso di inclusione lavorativa non è stato adeguato alla diagnosi aggiornata.,Inclusione lavorativa
Tirocinio non attivato [SEP] Non esistono incentivi per le imprese che assumono persone con disabilità nel territorio.,Inclusione lavorativa
Tirocinio non attivato [SEP] Non esistono incentivi per le imprese che assumono persone con disabilità nel territorio.,Inclusione lavorativa
Tirocinio non attivato [SEP] Non sono state attivate convenzioni con aziende private per l'inserimento.,Inclusione lavorativa
Mancanza supporto inserimento lavoro [SEP] L'inserimento in cooperativa sociale non ha previsto un percorso di tutoraggio.,Inclusione lavorativa
Mancanza supporto inserimento lavoro [SEP] L'inserimento in cooperativa sociale non ha previsto un percorso di tutoraggio.,Inclusione lavorativa
Mancanza supporto inserimento lavoro [SEP] Il percorso di inclusione lavorativa non è stato adeguato alla diagnosi aggiornata.,Inclusione lavorativa
Collocamento mirato fermo [SEP] L'inserimento in cooperativa sociale non ha previsto un percorso di tutoraggio.,Inclusione lavorativa
Mancanza supporto inserimento lavoro [SEP] Il progetto di work inclusion non include competenze digitali di base.,Inclusione lavorativa
Tirocinio non attivato [SEP] Non è stata garantita la riservatezza dei dati sanitari durante la selezione.,Inclusione lavorativa
Tirocinio non attivato [SEP] Il percorso di tirocinio formativo non è stato avviato nonostante la richiesta.,Inclusione lavorativa
Collocamento mirato fermo [SEP] Non esistono sportelli informativi sul collocamento mirato nel territorio.,Inclusione lavorativa
Mancanza supporto inserimento lavoro [SEP] L'azienda convenzionata non ha rispettato i tempi previsti per l'inserimento.,Inclusione lavorativa
Mancanza supporto inserimento lavoro [SEP] Il progetto di orientamento non include la conoscenza dei diritti del lavoratore.,Inclusione lavorativa
Mancanza supporto inserimento lavoro [SEP] Il percorso di tirocinio formativo non è stato avviato nonostante la richiesta.,Inclusione lavorativa
Collocamento mirato fermo [SEP] Il tutoraggio aziendale è stato affidato a una persona non formata.,Inclusione lavorativa
Tirocinio non attivato [SEP] Il tutoraggio aziendale è stato affidato a una persona non formata.,Inclusione lavorativa
Tirocinio non attivato [SEP] Non è disponibile un servizio di mediazione tra persona con disabilità e datore di lavoro.,Inclusione lavorativa
Collocamento mirato fermo [SEP] Non vengono organizzati incontri tra persone con disabilità e potenziali datori di lavoro.,Inclusione lavorativa
Collocamento mirato fermo [SEP] Non è disponibile un servizio di mediazione tra persona con disabilità e datore di lavoro.,Inclusione lavorativa
Mancanza supporto inserimento lavoro [SEP] L'azienda convenzionata non ha rispettato i tempi previsti per l'inserimento.,Inclusione lavorativa
Tirocinio non attivato [SEP] Non è stato attivato nessun percorso di alternanza scuola-lavoro adatto.,Inclusione lavorativa
Tirocinio non attivato [SEP] Non vengono documentati i progressi nel percorso di inclusione.,Inclusione lavorativa
Tirocinio non attivato [SEP] Il servizio non ha risposto alla richiesta di attivazione del collocamento mirato.,Inclusione lavorativa
Collocamento mirato fermo [SEP] Non è stato attivato il progetto di inclusione lavorativa finanziato dal Comune.,Inclusione lavorativa
Mancanza supporto inserimento lavoro [SEP] L'inserimento in cooperativa sociale non ha previsto un percorso di tutoraggio.,Inclusione lavorativa
Mancanza supporto inserimento lavoro [SEP] La borsa lavoro è stata interrotta prima del completamento del percorso.,Inclusione lavorativa
Tirocinio non attivato [SEP] Non è stato attivato nessun percorso di alternanza scuola-lavoro adatto.,Inclusione lavorativa
Collocamento mirato fermo [SEP] Non è stata garantita la presenza del tutor durante il periodo di tirocinio.,Inclusione lavorativa
Mancanza supporto inserimento lavoro [SEP] Non è prevista la figura del job coach nel progetto di inserimento.,Inclusione lavorativa
Tirocinio non attivato [SEP] Non vengono organizzati incontri tra persone con disabilità e potenziali datori di lavoro.,Inclusione lavorativa
Collocamento mirato fermo [SEP] Il percorso di autonomia lavorativa non prevede attività di simulazione.,Inclusione lavorativa
Collocamento mirato fermo [SEP] La convenzione tra azienda e servizi è scaduta senza rinnovo.,Inclusione lavorativa
Collocamento mirato fermo [SEP] Il tutoraggio aziendale è stato affidato a una persona non formata.,Inclusione lavorativa
Collocamento mirato fermo [SEP] Il dossier di presentazione al datore di lavoro non include le esigenze specifiche del candidato.,Inclusione lavorativa
Mancanza supporto inserimento lavoro [SEP] Non viene effettuata la verifica periodica del percorso di inserimento.,Inclusione lavorativa
Mancanza supporto inserimento lavoro [SEP] Il tirocinio non è stato rinnovato nonostante la valutazione positiva.,Inclusione lavorativa
Mancanza supporto inserimento lavoro [SEP] Non è disponibile un servizio di mediazione tra persona con disabilità e datore di lavoro.,Inclusione lavorativa
Tirocinio non attivato [SEP] Non vengono documentati i progressi nel percorso di inclusione.,Inclusione lavorativa
Mancanza supporto inserimento lavoro [SEP] Il servizio di accompagnamento al lavoro non copre i week-end.,Inclusione lavorativa
Collocamento mirato fermo [SEP] Non sono state attivate convenzioni con aziende private per l'inserimento.,Inclusione lavorativa
Collocamento mirato fermo [SEP] Il Centro per l'impiego non ha personale formato per il collocamento mirato.,Inclusione lavorativa
Collocamento mirato fermo [SEP] Il candidato con disabilità è stato scartato senza che venisse applicato il collocamento obbligatorio.,Inclusione lavorativa
Collocamento mirato fermo [SEP] Non esistono sportelli informativi sul collocamento mirato nel territorio.,Inclusione lavorativa
Collocamento mirato fermo [SEP] Il progetto di work inclusion non include competenze digitali di base.,Inclusione lavorativa
Collocamento mirato fermo [SEP] Il tirocinio non è stato rinnovato nonostante la valutazione positiva.,Inclusione lavorativa
Collocamento mirato fermo [SEP] La persona ha concluso la formazione ma non ha trovato sbocchi lavorativi.,Inclusione lavorativa
Tirocinio non attivato [SEP] Non è disponibile un servizio di mediazione tra persona con disabilità e datore di lavoro.,Inclusione lavorativa
Tirocinio non attivato [SEP] Il curriculum vitae del candidato con disabilità non viene preso in considerazione.,Inclusione lavorativa
Collocamento mirato fermo [SEP] Non è disponibile un servizio di mediazione tra persona con disabilità e datore di lavoro.,Inclusione lavorativa
Collocamento mirato fermo [SEP] Il giovane con disabilità intellettiva non ha accesso ai percorsi di apprendistato.,Inclusione lavorativa
Collocamento mirato fermo [SEP] Il giovane con disabilità intellettiva non ha accesso ai percorsi di apprendistato.,Inclusione lavorativa
Collocamento mirato fermo [SEP] Non è prevista la figura del job coach nel progetto di inserimento.,Inclusione lavorativa
Tirocinio non attivato [SEP] La persona con disabilità psichica non ha accesso ai programmi di reinserimento.,Inclusione lavorativa
Mancanza supporto inserimento lavoro [SEP] Il percorso di tirocinio formativo non è stato avviato nonostante la richiesta.,Inclusione lavorativa
Mancanza supporto inserimento lavoro [SEP] Non viene effettuata la verifica periodica del percorso di inserimento.,Inclusione lavorativa
Tirocinio non attivato [SEP] Non è disponibile un servizio di mediazione tra persona con disabilità e datore di lavoro.,Inclusione lavorativa
Mancanza supporto inserimento lavoro [SEP] Il Centro per l'impiego non ha personale formato per il collocamento mirato.,Inclusione lavorativa
Collocamento mirato fermo [SEP] Non è stato predisposto un piano di accompagnamento personalizzato al lavoro.,Inclusione lavorativa
Tirocinio non attivato [SEP] Non vengono documentati i progressi nel percorso di inclusione.,Inclusione lavorativa
Tirocinio non attivato [SEP] Non esiste un servizio di orientamento lavorativo per persone con disabilità nel territorio.,Inclusione lavorativa
Mancanza supporto inserimento lavoro [SEP] Il percorso lavorativo non è stato personalizzato sulle potenzialità della persona.,Inclusione lavorativa
Collocamento mirato fermo [SEP] Non vengono organizzati incontri tra persone con disabilità e potenziali datori di lavoro.,Inclusione lavorativa
Mancanza supporto inserimento lavoro [SEP] Il progetto di inserimento lavorativo è stato sospeso senza motivazione.,Inclusione lavorativa
Collocamento mirato fermo [SEP] Il percorso di autonomia lavorativa non prevede attività di simulazione.,Inclusione lavorativa
Tirocinio non attivato [SEP] Non è stata effettuata la valutazione delle competenze della persona con disabilità.,Inclusione lavorativa
Tirocinio non attivato [SEP] La persona con disabilità visiva non ha accesso ai corsi di informatica necessari.,Inclusione lavorativa
Tirocinio non attivato [SEP] La borsa lavoro è stata interrotta prima del completamento del percorso.,Inclusione lavorativa
Collocamento mirato fermo [SEP] Il candidato con disabilità è stato scartato senza che venisse applicato il collocamento obbligatorio.,Inclusione lavorativa
Mancanza supporto inserimento lavoro [SEP] La persona con disabilità visiva non ha accesso ai corsi di informatica necessari.,Inclusione lavorativa
Mancanza supporto inserimento lavoro [SEP] Non è previsto un fondo per coprire i costi degli ausili sul posto di lavoro.,Inclusione lavorativa
Collocamento mirato fermo [SEP] Il servizio non ha risposto alla richiesta di attivazione del collocamento mirato.,Inclusione lavorativa
Mancanza supporto inserimento lavoro [SEP] Non è stato previsto un adattamento degli orari per esigenze terapeutiche.,Inclusione lavorativa
Collocamento mirato fermo [SEP] Il servizio di accompagnamento al lavoro non copre i week-end.,Inclusione lavorativa
Collocamento mirato fermo [SEP] Non vengono organizzati stage in aziende con esperienze di inclusione consolidate.,Inclusione lavorativa
Tirocinio non attivato [SEP] Il progetto di inserimento lavorativo è stato sospeso senza motivazione.,Inclusione lavorativa
Collocamento mirato fermo [SEP] L'inserimento in cooperativa sociale non ha previsto un percorso di tutoraggio.,Inclusione lavorativa
Collocamento mirato fermo [SEP] La persona con disabilità visiva non ha accesso ai corsi di informatica necessari.,Inclusione lavorativa
Tirocinio non attivato [SEP] Il Centro per l'impiego non ha personale formato per il collocamento mirato.,Inclusione lavorativa
Collocamento mirato fermo [SEP] Non è disponibile un servizio di mediazione tra persona con disabilità e datore di lavoro.,Inclusione lavorativa
Tirocinio non attivato [SEP] Non è stato attivato nessun percorso di alternanza scuola-lavoro adatto.,Inclusione lavorativa
Mancanza supporto inserimento lavoro [SEP] Non sono state attivate convenzioni con aziende private per l'inserimento.,Inclusione lavorativa
Mancanza supporto inserimento lavoro [SEP] Non è stato rispettato il piano di inserimento progressivo nelle mansioni.,Inclusione lavorativa
Collocamento mirato fermo [SEP] Il servizio non ha risposto alla richiesta di attivazione del collocamento mirato.,Inclusione lavorativa
Collocamento mirato fermo [SEP] Il servizio di accompagnamento al lavoro non copre i week-end.,Inclusione lavorativa
Collocamento mirato fermo [SEP] Il tirocinio non è stato rinnovato nonostante la valutazione positiva.,Inclusione lavorativa
Tirocinio non attivato [SEP] La persona con disabilità visiva non ha accesso ai corsi di informatica necessari.,Inclusione lavorativa
Mancanza supporto inserimento lavoro [SEP] L'azienda convenzionata non ha rispettato i tempi previsti per l'inserimento.,Inclusione lavorativa
Tirocinio non attivato [SEP] Non esistono cooperative sociali di tipo B attive nel territorio.,Inclusione lavorativa
Mancanza supporto inserimento lavoro [SEP] Non vengono organizzati stage in aziende con esperienze di inclusione consolidate.,Inclusione lavorativa
Tirocinio non attivato [SEP] Non vengono organizzati stage in aziende con esperienze di inclusione consolidate.,Inclusione lavorativa
Mancanza supporto inserimento lavoro [SEP] Non è stato rispettato il piano di inserimento progressivo nelle mansioni.,Inclusione lavorativa
Mancanza supporto inserimento lavoro [SEP] L'inserimento in cooperativa sociale non ha previsto un percorso di tutoraggio.,Inclusione lavorativa
Mancanza supporto inserimento lavoro [SEP] Non è stato attivato il servizio di assistenza in loco durante il tirocinio.,Inclusione lavorativa
Mancanza supporto inserimento lavoro [SEP] La borsa lavoro è stata interrotta prima del completamento del percorso.,Inclusione lavorativa
Mancanza supporto inserimento lavoro [SEP] Non esiste un servizio di orientamento lavorativo per persone con disabilità nel territorio.,Inclusione lavorativa
Collocamento mirato fermo [SEP] Non sono state attivate convenzioni con aziende private per l'inserimento.,Inclusione lavorativa
Tirocinio non attivato [SEP] L'azienda convenzionata non ha rispettato i tempi previsti per l'inserimento.,Inclusione lavorativa
Collocamento mirato fermo [SEP] Il percorso lavorativo non è stato personalizzato sulle potenzialità della persona.,Inclusione lavorativa
Tirocinio non attivato [SEP] Non vengono organizzati incontri tra persone con disabilità e potenziali datori di lavoro.,Inclusione lavorativa
Mancanza supporto inserimento lavoro [SEP] Non sono state attivate convenzioni con aziende private per l'inserimento.,Inclusione lavorativa
Tirocinio non attivato [SEP] Il candidato non è stato informato delle agevolazioni previste per le aziende.,Inclusione lavorativa
Tirocinio non attivato [SEP] La borsa lavoro è stata interrotta prima del completamento del percorso.,Inclusione lavorativa
Collocamento mirato fermo [SEP] Il giovane con disabilità intellettiva non ha accesso ai percorsi di apprendistato.,Inclusione lavorativa
Tirocinio non attivato [SEP] Il Centro per l'impiego non ha personale formato per il collocamento mirato.,Inclusione lavorativa
Mancanza supporto inserimento lavoro [SEP] Non sono state attivate convenzioni con aziende private per l'inserimento.,Inclusione lavorativa
Mancanza supporto inserimento lavoro [SEP] Non esistono incentivi per le imprese che assumono persone con disabilità nel territorio.,Inclusione lavorativa
Tirocinio non attivato [SEP] La borsa lavoro è stata interrotta prima del completamento del percorso.,Inclusione lavorativa
Collocamento mirato fermo [SEP] Non sono stati attivati percorsi di formazione professionale adattati.,Inclusione lavorativa
Tirocinio non attivato [SEP] Non è disponibile un servizio di mediazione tra persona con disabilità e datore di lavoro.,Inclusione lavorativa
Mancanza supporto inserimento lavoro [SEP] Il progetto di inserimento lavorativo è stato sospeso senza motivazione.,Inclusione lavorativa
Tirocinio non attivato [SEP] Non è stata garantita la presenza del tutor durante il periodo di tirocinio.,Inclusione lavorativa
Mancanza supporto inserimento lavoro [SEP] Il tirocinio non è stato rinnovato nonostante la valutazione positiva.,Inclusione lavorativa
Mancanza supporto inserimento lavoro [SEP] Non vengono documentati i progressi nel percorso di inclusione.,Inclusione lavorativa
Mancanza supporto inserimento lavoro [SEP] Il dossier di presentazione al datore di lavoro non include le esigenze specifiche del candidato.,Inclusione lavorativa
Mancanza supporto inserimento lavoro [SEP] Il percorso lavorativo non è stato personalizzato sulle potenzialità della persona.,Inclusione lavorativa
Collocamento mirato fermo [SEP] Non esistono incentivi per le imprese che assumono persone con disabilità nel territorio.,Inclusione lavorativa
Collocamento mirato fermo [SEP] Il percorso lavorativo non è stato personalizzato sulle potenzialità della persona.,Inclusione lavorativa
Collocamento mirato fermo [SEP] La persona con disabilità visiva non ha accesso ai corsi di informatica necessari.,Inclusione lavorativa
Tirocinio non attivato [SEP] Il candidato con disabilità è stato scartato senza che venisse applicato il collocamento obbligatorio.,Inclusione lavorativa
Tirocinio non attivato [SEP] La persona con disabilità visiva non ha accesso ai corsi di informatica necessari.,Inclusione lavorativa
Tirocinio non attivato [SEP] Il tirocinio non è stato rinnovato nonostante la valutazione positiva.,Inclusione lavorativa
Tirocinio non attivato [SEP] La famiglia non è stata coinvolta nel progetto di inserimento lavorativo.,Inclusione lavorativa
Collocamento mirato fermo [SEP] L'azienda convenzionata non ha rispettato i tempi previsti per l'inserimento.,Inclusione lavorativa
Mancanza supporto inserimento lavoro [SEP] Non sono stati attivati i percorsi di borsa lavoro previsti dalla ASL.,Inclusione lavorativa
Mancanza supporto inserimento lavoro [SEP] Il percorso lavorativo non è stato personalizzato sulle potenzialità della persona.,Inclusione lavorativa
Collocamento mirato fermo [SEP] Non vengono organizzati stage in aziende con esperienze di inclusione consolidate.,Inclusione lavorativa
Tirocinio non attivato [SEP] Non è previsto un fondo per coprire i costi degli ausili sul posto di lavoro.,Inclusione lavorativa
Mancanza supporto inserimento lavoro [SEP] Non sono state attivate convenzioni con aziende private per l'inserimento.,Inclusione lavorativa
Tirocinio non attivato [SEP] Il tutoraggio aziendale è stato affidato a una persona non formata.,Inclusione lavorativa
Tirocinio non attivato [SEP] Il percorso lavorativo non è stato personalizzato sulle potenzialità della persona.,Inclusione lavorativa
Mancanza supporto inserimento lavoro [SEP] Il progetto di inserimento lavorativo è stato sospeso senza motivazione.,Inclusione lavorativa
Collocamento mirato fermo [SEP] La persona con disabilità psichica non ha accesso ai programmi di reinserimento.,Inclusione lavorativa
Mancanza supporto inserimento lavoro [SEP] Non esiste un servizio di orientamento lavorativo per persone con disabilità nel territorio.,Inclusione lavorativa
Tirocinio non attivato [SEP] Il dossier di presentazione al datore di lavoro non include le esigenze specifiche del candidato.,Inclusione lavorativa
Collocamento mirato fermo [SEP] Il candidato con disabilità è stato scartato senza che venisse applicato il collocamento obbligatorio.,Inclusione lavorativa
Tirocinio non attivato [SEP] Non è stato predisposto un piano di accompagnamento personalizzato al lavoro.,Inclusione lavorativa
Mancanza supporto inserimento lavoro [SEP] Il giovane con disabilità intellettiva non ha accesso ai percorsi di apprendistato.,Inclusione lavorativa
Collocamento mirato fermo [SEP] Non sono stati attivati i percorsi di borsa lavoro previsti dalla ASL.,Inclusione lavorativa
Mancanza supporto inserimento lavoro [SEP] Non è stata effettuata la valutazione delle competenze della persona con disabilità.,Inclusione lavorativa
Collocamento mirato fermo [SEP] Non esistono cooperative sociali di tipo B attive nel territorio.,Inclusione lavorativa
Tirocinio non attivato [SEP] Il percorso di tirocinio formativo non è stato avviato nonostante la richiesta.,Inclusione lavorativa
Collocamento mirato fermo [SEP] La famiglia non è stata coinvolta nel progetto di inserimento lavorativo.,Inclusione lavorativa
Mancanza supporto inserimento lavoro [SEP] Non vengono documentati i progressi nel percorso di inclusione.,Inclusione lavorativa
Collocamento mirato fermo [SEP] Non viene garantita una sede di lavoro accessibile nell'ambito del collocamento.,Inclusione lavorativa
Tirocinio non attivato [SEP] Il percorso di inclusione lavorativa non è stato adeguato alla diagnosi aggiornata.,Inclusione lavorativa
Mancanza supporto inserimento lavoro [SEP] Non è stato attivato il servizio di assistenza in loco durante il tirocinio.,Inclusione lavorativa
Tirocinio non attivato [SEP] Non è stato rispettato il piano di inserimento progressivo nelle mansioni.,Inclusione lavorativa
Collocamento mirato fermo [SEP] Non sono stati attivati i percorsi di borsa lavoro previsti dalla ASL.,Inclusione lavorativa
Assistenza domiciliare non attivata [SEP] Non è stata effettuata la valutazione UVMD aggiornata.,Salute/sanità/progetto di vita/assistenza domiciliare
Assistenza domiciliare non attivata [SEP] La fornitura di ausili è bloccata da mesi per problemi burocratici.,Salute/sanità/progetto di vita/assistenza domiciliare
Assistenza domiciliare non attivata [SEP] Il servizio di sollievo per il caregiver non è disponibile nel territorio.,Salute/sanità/progetto di vita/assistenza domiciliare
Ausili non forniti [SEP] L'assistenza domiciliare non è stata attivata nei tempi previsti.,Salute/sanità/progetto di vita/assistenza domiciliare
Progetto di vita mancante [SEP] Il progetto di vita non è stato redatto nonostante le reiterate richieste.,Salute/sanità/progetto di vita/assistenza domiciliare
Ausili non forniti [SEP] Il progetto di vita è stato redatto senza il coinvolgimento diretto della persona.,Salute/sanità/progetto di vita/assistenza domiciliare
Assistenza domiciliare non attivata [SEP] La persona non riceve supporto nutrizionale specifico a domicilio.,Salute/sanità/progetto di vita/assistenza domiciliare
Assistenza domiciliare non attivata [SEP] La persona con disabilità grave non può accedere ai centri di riabilitazione.,Salute/sanità/progetto di vita/assistenza domiciliare
Progetto di vita mancante [SEP] Non vengono attivate le misure di supporto per il caregiver in caso di emergenza.,Salute/sanità/progetto di vita/assistenza domiciliare
Assistenza domiciliare non attivata [SEP] Non è stata rispettata la scelta della persona riguardo al proprio progetto di vita.,Salute/sanità/progetto di vita/assistenza domiciliare
Progetto di vita mancante [SEP] Non è stato rinnovato il piano terapeutico del farmaco essenziale.,Salute/sanità/progetto di vita/assistenza domiciliare
Progetto di vita mancante [SEP] Non è disponibile un medico specialista per la disabilità rara nel territorio.,Salute/sanità/progetto di vita/assistenza domiciliare
Progetto di vita mancante [SEP] Non è stato redatto il Piano Assistenziale Individualizzato aggiornato.,Salute/sanità/progetto di vita/assistenza domiciliare
Progetto di vita mancante [SEP] Il medico di base non è disponibile a domicilio per pazienti non trasportabili.,Salute/sanità/progetto di vita/assistenza domiciliare
Progetto di vita mancante [SEP] La domanda per l'assegno di cura non ha ricevuto risposta.,Salute/sanità/progetto di vita/assistenza domiciliare
Progetto di vita mancante [SEP] Non sono stati forniti ausili per la comunicazione aumentativa alternativa.,Salute/sanità/progetto di vita/assistenza domiciliare
Ausili non forniti [SEP] Non è stato pianificato il percorso di uscita dalla struttura verso la vita autonoma.,Salute/sanità/progetto di vita/assistenza domiciliare
Progetto di vita mancante [SEP] Il progetto di vita non è stato redatto nonostante le reiterate richieste.,Salute/sanità/progetto di vita/assistenza domiciliare
Progetto di vita mancante [SEP] Non è stata attivata la continuità assistenziale dopo la dimissione ospedaliera.,Salute/sanità/progetto di vita/assistenza domiciliare
Assistenza domiciliare non attivata [SEP] Il piano di dimissione dall'ospedale non include un progetto di assistenza domiciliare.,Salute/sanità/progetto di vita/assistenza domiciliare
Assistenza domiciliare non attivata [SEP] L'assistenza domiciliare non è stata attivata nei tempi previsti.,Salute/sanità/progetto di vita/assistenza domiciliare
Progetto di vita mancante [SEP] Non è disponibile un medico specialista per la disabilità rara nel territorio.,Salute/sanità/progetto di vita/assistenza domiciliare
Assistenza domiciliare non attivata [SEP] Non è stato redatto il Piano Assistenziale Individualizzato aggiornato.,Salute/sanità/progetto di vita/assistenza domiciliare
Progetto di vita mancante [SEP] Non è stata fornita la carrozzina elettrica prescritta dallo specialista.,Salute/sanità/progetto di vita/assistenza domiciliare
Ausili non forniti [SEP] Non è disponibile un servizio di respiro per il caregiver.,Salute/sanità/progetto di vita/assistenza domiciliare
Assistenza domiciliare non attivata [SEP] Non è disponibile un medico specialista per la disabilità rara nel territorio.,Salute/sanità/progetto di vita/assistenza domiciliare
Ausili non forniti [SEP] Non è stato redatto il Piano Assistenziale Individualizzato aggiornato.,Salute/sanità/progetto di vita/assistenza domiciliare
Progetto di vita mancante [SEP] Non è stata rispettata la scelta della persona riguardo al proprio progetto di vita.,Salute/sanità/progetto di vita/assistenza domiciliare
Ausili non forniti [SEP] Non è stata fornita la carrozzina elettrica prescritta dallo specialista.,Salute/sanità/progetto di vita/assistenza domiciliare
Assistenza domiciliare non attivata [SEP] Non è stata fornita la carrozzina elettrica prescritta dallo specialista.,Salute/sanità/progetto di vita/assistenza domiciliare
Ausili non forniti [SEP] La persona non riesce ad accedere al pronto soccorso per mancanza di trasporto.,Salute/sanità/progetto di vita/assistenza domiciliare
Ausili non forniti [SEP] Il medico di base non collabora con i servizi specialistici per il disabile.,Salute/sanità/progetto di vita/assistenza domiciliare
Ausili non forniti [SEP] La persona non riesce ad accedere al pronto soccorso per mancanza di trasporto.,Salute/sanità/progetto di vita/assistenza domiciliare
Ausili non forniti [SEP] Il progetto di vita non è stato redatto nonostante le reiterate richieste.,Salute/sanità/progetto di vita/assistenza domiciliare
Progetto di vita mancante [SEP] La persona non ha accesso a cure dentistiche convenzionate.,Salute/sanità/progetto di vita/assistenza domiciliare
Assistenza domiciliare non attivata [SEP] L'ASL non ha risposto alla richiesta di valutazione per invalidità civile.,Salute/sanità/progetto di vita/assistenza domiciliare
Ausili non forniti [SEP] Non è stata garantita la somministrazione dei farmaci durante le attività diurne.,Salute/sanità/progetto di vita/assistenza domiciliare
Assistenza domiciliare non attivata [SEP] Non vengono garantite le visite specialistiche in tempi adeguati.,Salute/sanità/progetto di vita/assistenza domiciliare
Ausili non forniti [SEP] Il progetto riabilitativo non viene aggiornato con le evoluzioni della disabilità.,Salute/sanità/progetto di vita/assistenza domiciliare
Assistenza domiciliare non attivata [SEP] Non è stata attivata l'assistenza protesica prevista dalla prescrizione.,Salute/sanità/progetto di vita/assistenza domiciliare
Progetto di vita mancante [SEP] Il progetto riabilitativo non viene aggiornato con le evoluzioni della disabilità.,Salute/sanità/progetto di vita/assistenza domiciliare
Ausili non forniti [SEP] Non è stata rispettata la scelta della persona riguardo al proprio progetto di vita.,Salute/sanità/progetto di vita/assistenza domiciliare
Assistenza domiciliare non attivata [SEP] Non è stata garantita la somministrazione dei farmaci durante le attività diurne.,Salute/sanità/progetto di vita/assistenza domiciliare
Ausili non forniti [SEP] Non è stata rispettata la scelta della persona riguardo al proprio progetto di vita.,Salute/sanità/progetto di vita/assistenza domiciliare
Progetto di vita mancante [SEP] Il progetto individuale non è stato condiviso con tutti gli enti coinvolti.,Salute/sanità/progetto di vita/assistenza domiciliare
Ausili non forniti [SEP] Il progetto di vita non è stato redatto nonostante le reiterate richieste.,Salute/sanità/progetto di vita/assistenza domiciliare
Assistenza domiciliare non attivata [SEP] Non è stata attivata la continuità assistenziale dopo la dimissione ospedaliera.,Salute/sanità/progetto di vita/assistenza domiciliare
Ausili non forniti [SEP] Il servizio ADI è stato ridotto senza coinvolgere la famiglia.,Salute/sanità/progetto di vita/assistenza domiciliare
Assistenza domiciliare non attivata [SEP] Non è stato pianificato il percorso di uscita dalla struttura verso la vita autonoma.,Salute/sanità/progetto di vita/assistenza domiciliare
Progetto di vita mancante [SEP] La persona non riesce ad accedere al pronto soccorso per mancanza di trasporto.,Salute/sanità/progetto di vita/assistenza domiciliare
Assistenza domiciliare non attivata [SEP] Il caregiver familiare non riceve supporto né riconoscimento istituzionale.,Salute/sanità/progetto di vita/assistenza domiciliare
Progetto di vita mancante [SEP] Il servizio di assistenza personale è stato interrotto durante le festività.,Salute/sanità/progetto di vita/assistenza domiciliare
Ausili non forniti [SEP] La persona con disabilità grave non può accedere ai centri di riabilitazione.,Salute/sanità/progetto di vita/assistenza domiciliare
Progetto di vita mancante [SEP] Il progetto riabilitativo non viene aggiornato con le evoluzioni della disabilità.,Salute/sanità/progetto di vita/assistenza domiciliare
Ausili non forniti [SEP] Il servizio ADI è stato ridotto senza coinvolgere la famiglia.,Salute/sanità/progetto di vita/assistenza domiciliare
Assistenza domiciliare non attivata [SEP] La persona non ha accesso a cure dentistiche convenzionate.,Salute/sanità/progetto di vita/assistenza domiciliare
Assistenza domiciliare non attivata [SEP] Il progetto di vita non include obiettivi condivisi con la persona disabile.,Salute/sanità/progetto di vita/assistenza domiciliare
Progetto di vita mancante [SEP] Non è disponibile un medico specialista per la disabilità rara nel territorio.,Salute/sanità/progetto di vita/assistenza domiciliare
Ausili non forniti [SEP] Non è disponibile un medico specialista per la disabilità rara nel territorio.,Salute/sanità/progetto di vita/assistenza domiciliare
Ausili non forniti [SEP] Non vengono attivate le misure di supporto per il caregiver in caso di emergenza.,Salute/sanità/progetto di vita/assistenza domiciliare
Ausili non forniti [SEP] Il progetto di vita è stato redatto senza il coinvolgimento diretto della persona.,Salute/sanità/progetto di vita/assistenza domiciliare
Ausili non forniti [SEP] Il piano di riabilitazione non viene rispettato dagli operatori domiciliari.,Salute/sanità/progetto di vita/assistenza domiciliare
Progetto di vita mancante [SEP] La domanda per l'assegno di cura non ha ricevuto risposta.,Salute/sanità/progetto di vita/assistenza domiciliare
Assistenza domiciliare non attivata [SEP] Il caregiver familiare non riceve supporto né riconoscimento istituzionale.,Salute/sanità/progetto di vita/assistenza domiciliare
Ausili non forniti [SEP] Il medico di base non è disponibile a domicilio per pazienti non trasportabili.,Salute/sanità/progetto di vita/assistenza domiciliare
Ausili non forniti [SEP] Non è stato rinnovato il piano terapeutico del farmaco essenziale.,Salute/sanità/progetto di vita/assistenza domiciliare
Progetto di vita mancante [SEP] Non è stata attivata la misura di assistenza residenziale temporanea.,Salute/sanità/progetto di vita/assistenza domiciliare
Progetto di vita mancante [SEP] Il piano di dimissione dall'ospedale non include un progetto di assistenza domiciliare.,Salute/sanità/progetto di vita/assistenza domiciliare
Progetto di vita mancante [SEP] Non è previsto supporto psicologico per i familiari del disabile.,Salute/sanità/progetto di vita/assistenza domiciliare
Ausili non forniti [SEP] Il piano di riabilitazione non viene rispettato dagli operatori domiciliari.,Salute/sanità/progetto di vita/assistenza domiciliare
Progetto di vita mancante [SEP] Il progetto individuale non è stato condiviso con tutti gli enti coinvolti.,Salute/sanità/progetto di vita/assistenza domiciliare
Progetto di vita mancante [SEP] Il servizio ADI è stato ridotto senza coinvolgere la famiglia.,Salute/sanità/progetto di vita/assistenza domiciliare
Ausili non forniti [SEP] Non è stata attivata la continuità assistenziale dopo la dimissione ospedaliera.,Salute/sanità/progetto di vita/assistenza domiciliare
Assistenza domiciliare non attivata [SEP] Non è previsto supporto psicologico per i familiari del disabile.,Salute/sanità/progetto di vita/assistenza domiciliare
Ausili non forniti [SEP] Non è stato pianificato il percorso di uscita dalla struttura verso la vita autonoma.,Salute/sanità/progetto di vita/assistenza domiciliare
Ausili non forniti [SEP] La persona non riceve supporto nutrizionale specifico a domicilio.,Salute/sanità/progetto di vita/assistenza domiciliare
Assistenza domiciliare non attivata [SEP] Il servizio di sollievo per il caregiver non è disponibile nel territorio.,Salute/sanità/progetto di vita/assistenza domiciliare
Ausili non forniti [SEP] L'assistente domiciliare non ha ricevuto formazione sulla disabilità specifica.,Salute/sanità/progetto di vita/assistenza domiciliare
Assistenza domiciliare non attivata [SEP] Non è stato rinnovato il piano terapeutico del farmaco essenziale.,Salute/sanità/progetto di vita/assistenza domiciliare
Progetto di vita mancante [SEP] L'ASL non ha risposto alla richiesta di valutazione per invalidità civile.,Salute/sanità/progetto di vita/assistenza domiciliare
Ausili non forniti [SEP] Non è stata comunicata alla famiglia la variazione degli operatori assegnati.,Salute/sanità/progetto di vita/assistenza domiciliare
Ausili non forniti [SEP] Non è previsto supporto psicologico per i familiari del disabile.,Salute/sanità/progetto di vita/assistenza domiciliare
Ausili non forniti [SEP] Non è stato redatto il Piano Assistenziale Individualizzato aggiornato.,Salute/sanità/progetto di vita/assistenza domiciliare
Progetto di vita mancante [SEP] L'assistenza domiciliare non è stata attivata nei tempi previsti.,Salute/sanità/progetto di vita/assistenza domiciliare
Assistenza domiciliare non attivata [SEP] La persona disabile non può accedere a farmaci sperimentali disponibili altrove.,Salute/sanità/progetto di vita/assistenza domiciliare
Ausili non forniti [SEP] I tempi di attesa per la valutazione della commissione medica sono eccessivi.,Salute/sanità/progetto di vita/assistenza domiciliare
Progetto di vita mancante [SEP] Non vengono attivate le misure di supporto per il caregiver in caso di emergenza.,Salute/sanità/progetto di vita/assistenza domiciliare
Assistenza domiciliare non attivata [SEP] La persona non ha accesso a cure dentistiche convenzionate.,Salute/sanità/progetto di vita/assistenza domiciliare
Ausili non forniti [SEP] Il ticket sanitario è stato calcolato in maniera errata.,Salute/sanità/progetto di vita/assistenza domiciliare
Ausili non forniti [SEP] Non è disponibile un servizio di respiro per il caregiver.,Salute/sanità/progetto di vita/assistenza domiciliare
Ausili non forniti [SEP] Il caregiver familiare non riceve supporto né riconoscimento istituzionale.,Salute/sanità/progetto di vita/assistenza domiciliare
Progetto di vita mancante [SEP] Il Comune non ha attivato il fondo per la non autosufficienza.,Salute/sanità/progetto di vita/assistenza domiciliare
Progetto di vita mancante [SEP] La domanda di accesso all'UVM non è stata ancora processata.,Salute/sanità/progetto di vita/assistenza domiciliare
Assistenza domiciliare non attivata [SEP] La persona non riceve supporto nutrizionale specifico a domicilio.,Salute/sanità/progetto di vita/assistenza domiciliare
Assistenza domiciliare non attivata [SEP] L'assistenza domiciliare non è stata attivata nei tempi previsti.,Salute/sanità/progetto di vita/assistenza domiciliare
Ausili non forniti [SEP] La persona con disabilità grave non può accedere ai centri di riabilitazione.,Salute/sanità/progetto di vita/assistenza domiciliare
Ausili non forniti [SEP] Non vengono attivate le misure di supporto per il caregiver in caso di emergenza.,Salute/sanità/progetto di vita/assistenza domiciliare
Progetto di vita mancante [SEP] Non è previsto supporto psicologico per i familiari del disabile.,Salute/sanità/progetto di vita/assistenza domiciliare
Ausili non forniti [SEP] Non è stata garantita la coerenza tra il progetto di vita e l'assistenza domiciliare.,Salute/sanità/progetto di vita/assistenza domiciliare
Assistenza domiciliare non attivata [SEP] Non è stata comunicata alla famiglia la variazione degli operatori assegnati.,Salute/sanità/progetto di vita/assistenza domiciliare
Assistenza domiciliare non attivata [SEP] Non è stato rinnovato il piano terapeutico del farmaco essenziale.,Salute/sanità/progetto di vita/assistenza domiciliare
Progetto di vita mancante [SEP] Non è stata effettuata la valutazione UVMD aggiornata.,Salute/sanità/progetto di vita/assistenza domiciliare
Assistenza domiciliare non attivata [SEP] Non è disponibile un medico specialista per la disabilità rara nel territorio.,Salute/sanità/progetto di vita/assistenza domiciliare
Assistenza domiciliare non attivata [SEP] L'assistente domiciliare non rispetta il progetto di autonomia della persona.,Salute/sanità/progetto di vita/assistenza domiciliare
Ausili non forniti [SEP] Il medico di base non è disponibile a domicilio per pazienti non trasportabili.,Salute/sanità/progetto di vita/assistenza domiciliare
Progetto di vita mancante [SEP] Non viene garantita la presenza dell'infermiere nelle ore notturne.,Salute/sanità/progetto di vita/assistenza domiciliare
Ausili non forniti [SEP] La domanda di accesso all'UVM non è stata ancora processata.,Salute/sanità/progetto di vita/assistenza domiciliare
Assistenza domiciliare non attivata [SEP] Il progetto di vita non include obiettivi condivisi con la persona disabile.,Salute/sanità/progetto di vita/assistenza domiciliare
Progetto di vita mancante [SEP] Non è stata comunicata alla famiglia la variazione degli operatori assegnati.,Salute/sanità/progetto di vita/assistenza domiciliare
Ausili non forniti [SEP] Il piano di riabilitazione non viene rispettato dagli operatori domiciliari.,Salute/sanità/progetto di vita/assistenza domiciliare
Ausili non forniti [SEP] Il progetto di vita è stato redatto senza il coinvolgimento diretto della persona.,Salute/sanità/progetto di vita/assistenza domiciliare
Progetto di vita mancante [SEP] Il progetto di vita non è stato redatto nonostante le reiterate richieste.,Salute/sanità/progetto di vita/assistenza domiciliare
Ausili non forniti [SEP] I tempi di attesa per la valutazione della commissione medica sono eccessivi.,Salute/sanità/progetto di vita/assistenza domiciliare
Progetto di vita mancante [SEP] Il caregiver familiare non riceve supporto né riconoscimento istituzionale.,Salute/sanità/progetto di vita/assistenza domiciliare
Assistenza domiciliare non attivata [SEP] Non è previsto supporto psicologico per i familiari del disabile.,Salute/sanità/progetto di vita/assistenza domiciliare
Assistenza domiciliare non attivata [SEP] Il servizio di assistenza personale è stato interrotto durante le festività.,Salute/sanità/progetto di vita/assistenza domiciliare
Progetto di vita mancante [SEP] Non è stata attivata la misura di assistenza residenziale temporanea.,Salute/sanità/progetto di vita/assistenza domiciliare
Assistenza domiciliare non attivata [SEP] Non è stata rispettata la scelta della persona riguardo al proprio progetto di vita.,Salute/sanità/progetto di vita/assistenza domiciliare
Ausili non forniti [SEP] Non è stata attivata l'assistenza protesica prevista dalla prescrizione.,Salute/sanità/progetto di vita/assistenza domiciliare
Progetto di vita mancante [SEP] Non è stata attivata l'assistenza protesica prevista dalla prescrizione.,Salute/sanità/progetto di vita/assistenza domiciliare
Assistenza domiciliare non attivata [SEP] Il servizio di fisioterapia domiciliare è stato sospeso.,Salute/sanità/progetto di vita/assistenza domiciliare
Progetto di vita mancante [SEP] Il progetto di vita non include obiettivi condivisi con la persona disabile.,Salute/sanità/progetto di vita/assistenza domiciliare
Progetto di vita mancante [SEP] I tempi di attesa per la valutazione della commissione medica sono eccessivi.,Salute/sanità/progetto di vita/assistenza domiciliare
Progetto di vita mancante [SEP] Il progetto individuale non è stato condiviso con tutti gli enti coinvolti.,Salute/sanità/progetto di vita/assistenza domiciliare
Ausili non forniti [SEP] Non è previsto supporto psicologico per i familiari del disabile.,Salute/sanità/progetto di vita/assistenza domiciliare
Progetto di vita mancante [SEP] Non è disponibile un medico specialista per la disabilità rara nel territorio.,Salute/sanità/progetto di vita/assistenza domiciliare
Ausili non forniti [SEP] Non è stato pianificato il percorso di uscita dalla struttura verso la vita autonoma.,Salute/sanità/progetto di vita/assistenza domiciliare
Assistenza domiciliare non attivata [SEP] L'assistente domiciliare non rispetta il progetto di autonomia della persona.,Salute/sanità/progetto di vita/assistenza domiciliare
Progetto di vita mancante [SEP] L'ASL non ha risposto alla richiesta di valutazione per invalidità civile.,Salute/sanità/progetto di vita/assistenza domiciliare
Assistenza domiciliare non attivata [SEP] Non è stata attivata la misura di assistenza residenziale temporanea.,Salute/sanità/progetto di vita/assistenza domiciliare
Progetto di vita mancante [SEP] L'assistenza domiciliare non è stata attivata nei tempi previsti.,Salute/sanità/progetto di vita/assistenza domiciliare
Ausili non forniti [SEP] Il progetto individuale non è stato condiviso con tutti gli enti coinvolti.,Salute/sanità/progetto di vita/assistenza domiciliare
Progetto di vita mancante [SEP] La persona non ha accesso a cure dentistiche convenzionate.,Salute/sanità/progetto di vita/assistenza domiciliare
Progetto di vita mancante [SEP] Non è stata garantita la coerenza tra il progetto di vita e l'assistenza domiciliare.,Salute/sanità/progetto di vita/assistenza domiciliare
Progetto di vita mancante [SEP] Non è disponibile un servizio di respiro per il caregiver.,Salute/sanità/progetto di vita/assistenza domiciliare
Assistenza domiciliare non attivata [SEP] Il piano di dimissione dall'ospedale non include un progetto di assistenza domiciliare.,Salute/sanità/progetto di vita/assistenza domiciliare
Assistenza domiciliare non attivata [SEP] Non è stata attivata l'assistenza protesica prevista dalla prescrizione.,Salute/sanità/progetto di vita/assistenza domiciliare
Ausili non forniti [SEP] La persona con disabilità grave non può accedere ai centri di riabilitazione.,Salute/sanità/progetto di vita/assistenza domiciliare
Assistenza domiciliare non attivata [SEP] Non è stata attivata la continuità assistenziale dopo la dimissione ospedaliera.,Salute/sanità/progetto di vita/assistenza domiciliare
Ausili non forniti [SEP] Non è stata fornita la carrozzina elettrica prescritta dallo specialista.,Salute/sanità/progetto di vita/assistenza domiciliare
Progetto di vita mancante [SEP] Il progetto individuale non è stato condiviso con tutti gli enti coinvolti.,Salute/sanità/progetto di vita/assistenza domiciliare
Ausili non forniti [SEP] Non è stata garantita la coerenza tra il progetto di vita e l'assistenza domiciliare.,Salute/sanità/progetto di vita/assistenza domiciliare
Progetto di vita mancante [SEP] Non è stata attivata l'assistenza protesica prevista dalla prescrizione.,Salute/sanità/progetto di vita/assistenza domiciliare
Progetto di vita mancante [SEP] L'assistente domiciliare non rispetta il progetto di autonomia della persona.,Salute/sanità/progetto di vita/assistenza domiciliare
Assistenza domiciliare non attivata [SEP] La persona non ha accesso a cure dentistiche convenzionate.,Salute/sanità/progetto di vita/assistenza domiciliare
Progetto di vita mancante [SEP] La persona non riceve supporto nutrizionale specifico a domicilio.,Salute/sanità/progetto di vita/assistenza domiciliare
Ausili non forniti [SEP] Il medico di base non è disponibile a domicilio per pazienti non trasportabili.,Salute/sanità/progetto di vita/assistenza domiciliare
Ausili non forniti [SEP] Non è stata garantita la somministrazione dei farmaci durante le attività diurne.,Salute/sanità/progetto di vita/assistenza domiciliare
Progetto di vita mancante [SEP] Non vengono attivate le misure di supporto per il caregiver in caso di emergenza.,Salute/sanità/progetto di vita/assistenza domiciliare
Assistenza domiciliare non attivata [SEP] Il medico di base non collabora con i servizi specialistici per il disabile.,Salute/sanità/progetto di vita/assistenza domiciliare
Ausili non forniti [SEP] L'assistente domiciliare non rispetta il progetto di autonomia della persona.,Salute/sanità/progetto di vita/assistenza domiciliare
Progetto di vita mancante [SEP] Non vengono effettuati controlli periodici sulla qualità dell'assistenza domiciliare.,Salute/sanità/progetto di vita/assistenza domiciliare
Progetto di vita mancante [SEP] L'assistente domiciliare non rispetta il progetto di autonomia della persona.,Salute/sanità/progetto di vita/assistenza domiciliare
Progetto di vita mancante [SEP] Il progetto di vita non include obiettivi condivisi con la persona disabile.,Salute/sanità/progetto di vita/assistenza domiciliare
Assistenza domiciliare non attivata [SEP] La persona disabile non può accedere a farmaci sperimentali disponibili altrove.,Salute/sanità/progetto di vita/assistenza domiciliare
Ausili non forniti [SEP] Non viene garantita la presenza dell'infermiere nelle ore notturne.,Salute/sanità/progetto di vita/assistenza domiciliare
Assistenza domiciliare non attivata [SEP] La persona disabile non può accedere a farmaci sperimentali disponibili altrove.,Salute/sanità/progetto di vita/assistenza domiciliare
Ausili non forniti [SEP] L'assistenza domiciliare non è stata attivata nei tempi previsti.,Salute/sanità/progetto di vita/assistenza domiciliare
Assistenza domiciliare non attivata [SEP] Non è stato rinnovato il piano terapeutico del farmaco essenziale.,Salute/sanità/progetto di vita/assistenza domiciliare
Progetto di vita mancante [SEP] La persona disabile non può accedere a farmaci sperimentali disponibili altrove.,Salute/sanità/progetto di vita/assistenza domiciliare
Assistenza domiciliare non attivata [SEP] Non è stato redatto il Piano Assistenziale Individualizzato aggiornato.,Salute/sanità/progetto di vita/assistenza domiciliare
Ausili non forniti [SEP] Non è stato pianificato il percorso di uscita dalla struttura verso la vita autonoma.,Salute/sanità/progetto di vita/assistenza domiciliare
Ausili non forniti [SEP] L'assistenza domiciliare non è stata attivata nei tempi previsti.,Salute/sanità/progetto di vita/assistenza domiciliare
Ausili non forniti [SEP] Il piano di dimissione dall'ospedale non include un progetto di assistenza domiciliare.,Salute/sanità/progetto di vita/assistenza domiciliare
Progetto di vita mancante [SEP] La domanda di accesso all'UVM non è stata ancora processata.,Salute/sanità/progetto di vita/assistenza domiciliare
Assistenza domiciliare non attivata [SEP] Il progetto individuale non è stato condiviso con tutti gli enti coinvolti.,Salute/sanità/progetto di vita/assistenza domiciliare
Assistenza domiciliare non attivata [SEP] La persona non riesce ad accedere al pronto soccorso per mancanza di trasporto.,Salute/sanità/progetto di vita/assistenza domiciliare
Assistenza domiciliare non attivata [SEP] La persona non riesce ad accedere al pronto soccorso per mancanza di trasporto.,Salute/sanità/progetto di vita/assistenza domiciliare
Ausili non forniti [SEP] L'assistenza domiciliare non è stata attivata nei tempi previsti.,Salute/sanità/progetto di vita/assistenza domiciliare
Assistenza domiciliare non attivata [SEP] La fornitura di ausili è bloccata da mesi per problemi burocratici.,Salute/sanità/progetto di vita/assistenza domiciliare
Progetto di vita mancante [SEP] L'assistente domiciliare non ha ricevuto formazione sulla disabilità specifica.,Salute/sanità/progetto di vita/assistenza domiciliare
Assistenza domiciliare non attivata [SEP] Non sono stati forniti ausili per la comunicazione aumentativa alternativa.,Salute/sanità/progetto di vita/assistenza domiciliare
Assistenza domiciliare non attivata [SEP] Il ticket sanitario è stato calcolato in maniera errata.,Salute/sanità/progetto di vita/assistenza domiciliare
Progetto di vita mancante [SEP] L'assistente domiciliare non ha ricevuto formazione sulla disabilità specifica.,Salute/sanità/progetto di vita/assistenza domiciliare
Assistenza domiciliare non attivata [SEP] Non vengono effettuati controlli periodici sulla qualità dell'assistenza domiciliare.,Salute/sanità/progetto di vita/assistenza domiciliare
Progetto di vita mancante [SEP] La domanda di accesso all'UVM non è stata ancora processata.,Salute/sanità/progetto di vita/assistenza domiciliare
Progetto di vita mancante [SEP] Il medico di base non collabora con i servizi specialistici per il disabile.,Salute/sanità/progetto di vita/assistenza domiciliare
Ausili non forniti [SEP] Non è stata fornita la carrozzina elettrica prescritta dallo specialista.,Salute/sanità/progetto di vita/assistenza domiciliare
Ausili non forniti [SEP] Non è stato rinnovato il piano terapeutico del farmaco essenziale.,Salute/sanità/progetto di vita/assistenza domiciliare
Ausili non forniti [SEP] Il piano di dimissione dall'ospedale non include un progetto di assistenza domiciliare.,Salute/sanità/progetto di vita/assistenza domiciliare
Ausili non forniti [SEP] I tempi di attesa per la valutazione della commissione medica sono eccessivi.,Salute/sanità/progetto di vita/assistenza domiciliare
Assistenza domiciliare non attivata [SEP] Non è stato rinnovato il piano terapeutico del farmaco essenziale.,Salute/sanità/progetto di vita/assistenza domiciliare
Ausili non forniti [SEP] Non è stata fornita la carrozzina elettrica prescritta dallo specialista.,Salute/sanità/progetto di vita/assistenza domiciliare
Progetto di vita mancante [SEP] Il servizio di fisioterapia domiciliare è stato sospeso.,Salute/sanità/progetto di vita/assistenza domiciliare
Progetto di vita mancante [SEP] L'assistenza domiciliare non è stata attivata nei tempi previsti.,Salute/sanità/progetto di vita/assistenza domiciliare
Progetto di vita mancante [SEP] Il progetto di vita non è stato redatto nonostante le reiterate richieste.,Salute/sanità/progetto di vita/assistenza domiciliare
Progetto di vita mancante [SEP] Non è stato redatto il Piano Assistenziale Individualizzato aggiornato.,Salute/sanità/progetto di vita/assistenza domiciliare
Ausili non forniti [SEP] La persona non ha accesso a cure dentistiche convenzionate.,Salute/sanità/progetto di vita/assistenza domiciliare
Progetto di vita mancante [SEP] Non è disponibile un servizio di respiro per il caregiver.,Salute/sanità/progetto di vita/assistenza domiciliare
Assistenza domiciliare non attivata [SEP] La persona non riceve supporto nutrizionale specifico a domicilio.,Salute/sanità/progetto di vita/assistenza domiciliare
Assistenza domiciliare non attivata [SEP] Non è stata garantita la coerenza tra il progetto di vita e l'assistenza domiciliare.,Salute/sanità/progetto di vita/assistenza domiciliare
Assistenza domiciliare non attivata [SEP] La persona disabile non può accedere a farmaci sperimentali disponibili altrove.,Salute/sanità/progetto di vita/assistenza domiciliare
Assistenza domiciliare non attivata [SEP] Non è stato rinnovato il piano terapeutico del farmaco essenziale.,Salute/sanità/progetto di vita/assistenza domiciliare
Assistenza domiciliare non attivata [SEP] Non è stata effettuata la valutazione UVMD aggiornata.,Salute/sanità/progetto di vita/assistenza domiciliare
Ausili non forniti [SEP] Il caregiver familiare non riceve supporto né riconoscimento istituzionale.,Salute/sanità/progetto di vita/assistenza domiciliare
Assistenza domiciliare non attivata [SEP] Non vengono attivate le misure di supporto per il caregiver in caso di emergenza.,Salute/sanità/progetto di vita/assistenza domiciliare
Ausili non forniti [SEP] Il Comune non ha attivato il fondo per la non autosufficienza.,Salute/sanità/progetto di vita/assistenza domiciliare
Ausili non forniti [SEP] L'assistente domiciliare non rispetta il progetto di autonomia della persona.,Salute/sanità/progetto di vita/assistenza domiciliare
Progetto di vita mancante [SEP] Non è stato pianificato il percorso di uscita dalla struttura verso la vita autonoma.,Salute/sanità/progetto di vita/assistenza domiciliare
Progetto di vita mancante [SEP] La domanda per l'assegno di cura non ha ricevuto risposta.,Salute/sanità/progetto di vita/assistenza domiciliare
Progetto di vita mancante [SEP] Non è disponibile un servizio di respiro per il caregiver.,Salute/sanità/progetto di vita/assistenza domiciliare
Assistenza domiciliare non attivata [SEP] Non è stato pianificato il percorso di uscita dalla struttura verso la vita autonoma.,Salute/sanità/progetto di vita/assistenza domiciliare
Assistenza domiciliare non attivata [SEP] Il medico di base non collabora con i servizi specialistici per il disabile.,Salute/sanità/progetto di vita/assistenza domiciliare
Assistenza domiciliare non attivata [SEP] Non sono stati forniti ausili per la comunicazione aumentativa alternativa.,Salute/sanità/progetto di vita/assistenza domiciliare
Assistenza domiciliare non attivata [SEP] L'assistente domiciliare non rispetta il progetto di autonomia della persona.,Salute/sanità/progetto di vita/assistenza domiciliare
Assistenza domiciliare non attivata [SEP] La persona con disabilità grave non può accedere ai centri di riabilitazione.,Salute/sanità/progetto di vita/assistenza domiciliare
Progetto di vita mancante [SEP] L'assistente domiciliare non rispetta il progetto di autonomia della persona.,Salute/sanità/progetto di vita/assistenza domiciliare
Ausili non forniti [SEP] Il servizio di assistenza personale è stato interrotto durante le festività.,Salute/sanità/progetto di vita/assistenza domiciliare
Ausili non forniti [SEP] Il caregiver familiare non riceve supporto né riconoscimento istituzionale.,Salute/sanità/progetto di vita/assistenza domiciliare
Assistenza domiciliare non attivata [SEP] Non vengono attivate le misure di supporto per il caregiver in caso di emergenza.,Salute/sanità/progetto di vita/assistenza domiciliare
Assistenza domiciliare non attivata [SEP] Il servizio di fisioterapia domiciliare è stato sospeso.,Salute/sanità/progetto di vita/assistenza domiciliare
Progetto di vita mancante [SEP] Non è stata attivata la continuità assistenziale dopo la dimissione ospedaliera.,Salute/sanità/progetto di vita/assistenza domiciliare
Assistenza domiciliare non attivata [SEP] La fornitura di ausili è bloccata da mesi per problemi burocratici.,Salute/sanità/progetto di vita/assistenza domiciliare
Ausili non forniti [SEP] La persona non riesce ad accedere al pronto soccorso per mancanza di trasporto.,Salute/sanità/progetto di vita/assistenza domiciliare
Ausili non forniti [SEP] Il piano di riabilitazione non viene rispettato dagli operatori domiciliari.,Salute/sanità/progetto di vita/assistenza domiciliare
Progetto di vita mancante [SEP] La domanda di accesso all'UVM non è stata ancora processata.,Salute/sanità/progetto di vita/assistenza domiciliare
Progetto di vita mancante [SEP] Il ticket sanitario è stato calcolato in maniera errata.,Salute/sanità/progetto di vita/assistenza domiciliare
Assistenza domiciliare non attivata [SEP] Non vengono garantite le visite specialistiche in tempi adeguati.,Salute/sanità/progetto di vita/assistenza domiciliare
Assistenza domiciliare non attivata [SEP] Il medico di base non collabora con i servizi specialistici per il disabile.,Salute/sanità/progetto di vita/assistenza domiciliare
Ausili non forniti [SEP] Non è stata attivata l'assistenza protesica prevista dalla prescrizione.,Salute/sanità/progetto di vita/assistenza domiciliare
Progetto di vita mancante [SEP] Il servizio ADI è stato ridotto senza coinvolgere la famiglia.,Salute/sanità/progetto di vita/assistenza domiciliare
Ausili non forniti [SEP] Il medico di base non collabora con i servizi specialistici per il disabile.,Salute/sanità/progetto di vita/assistenza domiciliare
Ausili non forniti [SEP] Il medico di base non è disponibile a domicilio per pazienti non trasportabili.,Salute/sanità/progetto di vita/assistenza domiciliare
Assistenza domiciliare non attivata [SEP] Non è stato redatto il Piano Assistenziale Individualizzato aggiornato.,Salute/sanità/progetto di vita/assistenza domiciliare
Assistenza domiciliare non attivata [SEP] La fornitura di ausili è bloccata da mesi per problemi burocratici.,Salute/sanità/progetto di vita/assistenza domiciliare
Progetto di vita mancante [SEP] La persona non riceve supporto nutrizionale specifico a domicilio.,Salute/sanità/progetto di vita/assistenza domiciliare
Ausili non forniti [SEP] Non è stata garantita la coerenza tra il progetto di vita e l'assistenza domiciliare.,Salute/sanità/progetto di vita/assistenza domiciliare
Ausili non forniti [SEP] I tempi di attesa per la valutazione della commissione medica sono eccessivi.,Salute/sanità/progetto di vita/assistenza domiciliare
Progetto di vita mancante [SEP] La persona non ha accesso a cure dentistiche convenzionate.,Salute/sanità/progetto di vita/assistenza domiciliare
Progetto di vita mancante [SEP] Non è stata comunicata alla famiglia la variazione degli operatori assegnati.,Salute/sanità/progetto di vita/assistenza domiciliare
Assistenza domiciliare non attivata [SEP] Il servizio di assistenza personale è stato interrotto durante le festività.,Salute/sanità/progetto di vita/assistenza domiciliare
Assistenza domiciliare non attivata [SEP] La persona non riceve supporto nutrizionale specifico a domicilio.,Salute/sanità/progetto di vita/assistenza domiciliare
Ausili non forniti [SEP] Il progetto individuale non è stato condiviso con tutti gli enti coinvolti.,Salute/sanità/progetto di vita/assistenza domiciliare
Assistenza domiciliare non attivata [SEP] Non è stata garantita la coerenza tra il progetto di vita e l'assistenza domiciliare.,Salute/sanità/progetto di vita/assistenza domiciliare
Ausili non forniti [SEP] L'assistente domiciliare non ha ricevuto formazione sulla disabilità specifica.,Salute/sanità/progetto di vita/assistenza domiciliare
Progetto di vita mancante [SEP] Non è stata comunicata alla famiglia la variazione degli operatori assegnati.,Salute/sanità/progetto di vita/assistenza domiciliare
Ausili non forniti [SEP] Non è stata attivata la misura di assistenza residenziale temporanea.,Salute/sanità/progetto di vita/assistenza domiciliare
Assistenza domiciliare non attivata [SEP] Il progetto di vita non include obiettivi condivisi con la persona disabile.,Salute/sanità/progetto di vita/assistenza domiciliare
Progetto di vita mancante [SEP] Il progetto di vita è stato redatto senza il coinvolgimento diretto della persona.,Salute/sanità/progetto di vita/assistenza domiciliare
Assistenza domiciliare non attivata [SEP] Non è stato redatto il Piano Assistenziale Individualizzato aggiornato.,Salute/sanità/progetto di vita/assistenza domiciliare
Assistenza domiciliare non attivata [SEP] Non è stata fornita la carrozzina elettrica prescritta dallo specialista.,Salute/sanità/progetto di vita/assistenza domiciliare
Assistenza domiciliare non attivata [SEP] La domanda di accesso all'UVM non è stata ancora processata.,Salute/sanità/progetto di vita/assistenza domiciliare
Progetto di vita mancante [SEP] L'assistenza domiciliare non è stata attivata nei tempi previsti.,Salute/sanità/progetto di vita/assistenza domiciliare
Ausili non forniti [SEP] Non è stato pianificato il percorso di uscita dalla struttura verso la vita autonoma.,Salute/sanità/progetto di vita/assistenza domiciliare
Progetto di vita mancante [SEP] L'assistenza domiciliare non è stata attivata nei tempi previsti.,Salute/sanità/progetto di vita/assistenza domiciliare
Progetto di vita mancante [SEP] Non è disponibile un servizio di respiro per il caregiver.,Salute/sanità/progetto di vita/assistenza domiciliare
Progetto di vita mancante [SEP] Il caregiver familiare non riceve supporto né riconoscimento istituzionale.,Salute/sanità/progetto di vita/assistenza domiciliare
Assistenza domiciliare non attivata [SEP] La fornitura di ausili è bloccata da mesi per problemi burocratici.,Salute/sanità/progetto di vita/assistenza domiciliare
Progetto di vita mancante [SEP] Il Comune non ha attivato il fondo per la non autosufficienza.,Salute/sanità/progetto di vita/assistenza domiciliare
Progetto di vita mancante [SEP] La fornitura di ausili è bloccata da mesi per problemi burocratici.,Salute/sanità/progetto di vita/assistenza domiciliare
Assistenza domiciliare non attivata [SEP] Non vengono garantite le visite specialistiche in tempi adeguati.,Salute/sanità/progetto di vita/assistenza domiciliare
Assistenza domiciliare non attivata [SEP] Il servizio di assistenza personale è stato interrotto durante le festività.,Salute/sanità/progetto di vita/assistenza domiciliare
Progetto di vita mancante [SEP] Il medico di base non è disponibile a domicilio per pazienti non trasportabili.,Salute/sanità/progetto di vita/assistenza domiciliare
Assistenza domiciliare non attivata [SEP] Il servizio di assistenza personale è stato interrotto durante le festività.,Salute/sanità/progetto di vita/assistenza domiciliare
Progetto di vita mancante [SEP] Il Comune non ha attivato il fondo per la non autosufficienza.,Salute/sanità/progetto di vita/assistenza domiciliare
Progetto di vita mancante [SEP] La persona con disabilità grave non può accedere ai centri di riabilitazione.,Salute/sanità/progetto di vita/assistenza domiciliare
Progetto di vita mancante [SEP] Non è disponibile un medico specialista per la disabilità rara nel territorio.,Salute/sanità/progetto di vita/assistenza domiciliare
Progetto di vita mancante [SEP] Non è disponibile un medico specialista per la disabilità rara nel territorio.,Salute/sanità/progetto di vita/assistenza domiciliare
Progetto di vita mancante [SEP] Non vengono garantite le visite specialistiche in tempi adeguati.,Salute/sanità/progetto di vita/assistenza domiciliare
Assistenza domiciliare non attivata [SEP] Non vengono garantite le visite specialistiche in tempi adeguati.,Salute/sanità/progetto di vita/assistenza domiciliare
Assistenza domiciliare non attivata [SEP] L'assistente domiciliare non rispetta il progetto di autonomia della persona.,Salute/sanità/progetto di vita/assistenza domiciliare
Ausili non forniti [SEP] Il ticket sanitario è stato calcolato in maniera errata.,Salute/sanità/progetto di vita/assistenza domiciliare
Ausili non forniti [SEP] L'assistente domiciliare non ha ricevuto formazione sulla disabilità specifica.,Salute/sanità/progetto di vita/assistenza domiciliare
Progetto di vita mancante [SEP] Il piano di riabilitazione non viene rispettato dagli operatori domiciliari.,Salute/sanità/progetto di vita/assistenza domiciliare
Ausili non forniti [SEP] Non è stata garantita la somministrazione dei farmaci durante le attività diurne.,Salute/sanità/progetto di vita/assistenza domiciliare
Ausili non forniti [SEP] L'ASL non ha risposto alla richiesta di valutazione per invalidità civile.,Salute/sanità/progetto di vita/assistenza domiciliare
Ausili non forniti [SEP] Il medico di base non è disponibile a domicilio per pazienti non trasportabili.,Salute/sanità/progetto di vita/assistenza domiciliare
Assistenza domiciliare non attivata [SEP] Non è stato pianificato il percorso di uscita dalla struttura verso la vita autonoma.,Salute/sanità/progetto di vita/assistenza domiciliare
Ausili non forniti [SEP] Non vengono garantite le visite specialistiche in tempi adeguati.,Salute/sanità/progetto di vita/assistenza domiciliare
Ausili non forniti [SEP] Il piano di riabilitazione non viene rispettato dagli operatori domiciliari.,Salute/sanità/progetto di vita/assistenza domiciliare
Assistenza domiciliare non attivata [SEP] I tempi di attesa per la valutazione della commissione medica sono eccessivi.,Salute/sanità/progetto di vita/assistenza domiciliare
Assistenza domiciliare non attivata [SEP] Non è stata comunicata alla famiglia la variazione degli operatori assegnati.,Salute/sanità/progetto di vita/assistenza domiciliare
Progetto di vita mancante [SEP] Il servizio ADI è stato ridotto senza coinvolgere la famiglia.,Salute/sanità/progetto di vita/assistenza domiciliare
Progetto di vita mancante [SEP] La fornitura di ausili è bloccata da mesi per problemi burocratici.,Salute/sanità/progetto di vita/assistenza domiciliare
Progetto di vita mancante [SEP] L'assistente domiciliare non ha ricevuto formazione sulla disabilità specifica.,Salute/sanità/progetto di vita/assistenza domiciliare
Ausili non forniti [SEP] Non è stata fornita la carrozzina elettrica prescritta dallo specialista.,Salute/sanità/progetto di vita/assistenza domiciliare
Progetto di vita mancante [SEP] Non è disponibile un servizio di respiro per il caregiver.,Salute/sanità/progetto di vita/assistenza domiciliare
Ausili non forniti [SEP] Non è stato pianificato il percorso di uscita dalla struttura verso la vita autonoma.,Salute/sanità/progetto di vita/assistenza domiciliare
Ausili non forniti [SEP] Non vengono attivate le misure di supporto per il caregiver in caso di emergenza.,Salute/sanità/progetto di vita/assistenza domiciliare
Progetto di vita mancante [SEP] Non sono stati forniti ausili per la comunicazione aumentativa alternativa.,Salute/sanità/progetto di vita/assistenza domiciliare
Ausili non forniti [SEP] Non è stata attivata l'assistenza protesica prevista dalla prescrizione.,Salute/sanità/progetto di vita/assistenza domiciliare
Assistenza domiciliare non attivata [SEP] Il servizio di sollievo per il caregiver non è disponibile nel territorio.,Salute/sanità/progetto di vita/assistenza domiciliare
Assistenza domiciliare non attivata [SEP] Non è stato pianificato il percorso di uscita dalla struttura verso la vita autonoma.,Salute/sanità/progetto di vita/assistenza domiciliare
Assistenza domiciliare non attivata [SEP] Il Comune non ha attivato il fondo per la non autosufficienza.,Salute/sanità/progetto di vita/assistenza domiciliare
Progetto di vita mancante [SEP] Il caregiver familiare non riceve supporto né riconoscimento istituzionale.,Salute/sanità/progetto di vita/assistenza domiciliare
Ausili non forniti [SEP] Non è stata effettuata la valutazione UVMD aggiornata.,Salute/sanità/progetto di vita/assistenza domiciliare
Ausili non forniti [SEP] Il servizio di fisioterapia domiciliare è stato sospeso.,Salute/sanità/progetto di vita/assistenza domiciliare
Progetto di vita mancante [SEP] Non è stata garantita la somministrazione dei farmaci durante le attività diurne.,Salute/sanità/progetto di vita/assistenza domiciliare
Assistenza domiciliare non attivata [SEP] La persona con disabilità grave non può accedere ai centri di riabilitazione.,Salute/sanità/progetto di vita/assistenza domiciliare
Ausili non forniti [SEP] Il servizio ADI è stato ridotto senza coinvolgere la famiglia.,Salute/sanità/progetto di vita/assistenza domiciliare
Ausili non forniti [SEP] Non vengono garantite le visite specialistiche in tempi adeguati.,Salute/sanità/progetto di vita/assistenza domiciliare
Assistenza domiciliare non attivata [SEP] Non è stata garantita la coerenza tra il progetto di vita e l'assistenza domiciliare.,Salute/sanità/progetto di vita/assistenza domiciliare
Assistenza domiciliare non attivata [SEP] La domanda per l'assegno di cura non ha ricevuto risposta.,Salute/sanità/progetto di vita/assistenza domiciliare
Assistenza domiciliare non attivata [SEP] La persona con disabilità grave non può accedere ai centri di riabilitazione.,Salute/sanità/progetto di vita/assistenza domiciliare
Assistenza domiciliare non attivata [SEP] Non è stata effettuata la valutazione UVMD aggiornata.,Salute/sanità/progetto di vita/assistenza domiciliare
Ausili non forniti [SEP] Non vengono garantite le visite specialistiche in tempi adeguati.,Salute/sanità/progetto di vita/assistenza domiciliare
Progetto di vita mancante [SEP] La persona non riceve supporto nutrizionale specifico a domicilio.,Salute/sanità/progetto di vita/assistenza domiciliare
Assistenza domiciliare non attivata [SEP] Non è stato pianificato il percorso di uscita dalla struttura verso la vita autonoma.,Salute/sanità/progetto di vita/assistenza domiciliare
Ausili non forniti [SEP] Non è stata attivata l'assistenza protesica prevista dalla prescrizione.,Salute/sanità/progetto di vita/assistenza domiciliare
Ausili non forniti [SEP] La persona non riceve supporto nutrizionale specifico a domicilio.,Salute/sanità/progetto di vita/assistenza domiciliare
Isolamento persona disabile [SEP] Non è previsto nessun laboratorio artistico per persone con disabilità psichica.,Vita sociale/eventi/sport
Esclusione eventi sociali [SEP] Gli eventi del Comune non vengono comunicati in formato accessibile.,Vita sociale/eventi/sport
Attività ricreative non accessibili [SEP] La persona è stata esclusa dalla gita organizzata dall'associazione.,Vita sociale/eventi/sport
Attività ricreative non accessibili [SEP] Non viene garantito il diritto alla socialità per chi vive in struttura residenziale.,Vita sociale/eventi/sport
Esclusione eventi sociali [SEP] Non vengono organizzate uscite sociali per persone con disabilità intellettiva.,Vita sociale/eventi/sport
Esclusione eventi sociali [SEP] Gli eventi del Comune non vengono comunicati in formato accessibile.,Vita sociale/eventi/sport
Attività ricreative non accessibili [SEP] La persona non riesce a mantenere relazioni sociali per mancanza di supporto.,Vita sociale/eventi/sport
Attività ricreative non accessibili [SEP] Il gruppo di auto-aiuto non è accessibile alle persone non deambulanti.,Vita sociale/eventi/sport
Esclusione eventi sociali [SEP] Non sono previsti eventi di sensibilizzazione sulla disabilità rivolti alla cittadinanza.,Vita sociale/eventi/sport
Isolamento persona disabile [SEP] Non esiste un progetto di supporto alla vita affettiva e sessuale per persone con disabilità.,Vita sociale/eventi/sport
Isolamento persona disabile [SEP] La persona con disabilità acquisita ha difficoltà a reinserirsi nel contesto sociale.,Vita sociale/eventi/sport
Isolamento persona disabile [SEP] L'oratorio non ha previsto attività estive per bambini con disabilità grave.,Vita sociale/eventi/sport
Esclusione eventi sociali [SEP] Non è prevista la figura del facilitatore per l'inclusione sociale.,Vita sociale/eventi/sport
Esclusione eventi sociali [SEP] L'oratorio non ha previsto attività estive per bambini con disabilità grave.,Vita sociale/eventi/sport
Esclusione eventi sociali [SEP] La persona con disabilità intellettiva non può partecipare al corso di cucina.,Vita sociale/eventi/sport
Attività ricreative non accessibili [SEP] Non vengono organizzati campi estivi inclusivi per bambini con disabilità.,Vita sociale/eventi/sport
Attività ricreative non accessibili [SEP] La persona con disabilità acquisita ha difficoltà a reinserirsi nel contesto sociale.,Vita sociale/eventi/sport
Esclusione eventi sociali [SEP] Non sono previsti eventi inclusivi nel programma estivo del Comune.,Vita sociale/eventi/sport
Esclusione eventi sociali [SEP] Non vengono organizzate attività di teatro sociale inclusive.,Vita sociale/eventi/sport
Esclusione eventi sociali [SEP] Il quartiere non dispone di spazi verdi accessibili per il tempo libero.,Vita sociale/eventi/sport
Esclusione eventi sociali [SEP] Non vengono organizzati campi estivi inclusivi per bambini con disabilità.,Vita sociale/eventi/sport
Attività ricreative non accessibili [SEP] Non è disponibile supporto per la gestione del tempo libero in autonomia.,Vita sociale/eventi/sport
Esclusione eventi sociali [SEP] Non è disponibile un servizio di peer support tra persone con disabilità.,Vita sociale/eventi/sport
Attività ricreative non accessibili [SEP] L'oratorio non ha previsto attività estive per bambini con disabilità grave.,Vita sociale/eventi/sport
Attività ricreative non accessibili [SEP] Non sono previsti eventi inclusivi nel programma estivo del Comune.,Vita sociale/eventi/sport
Attività ricreative non accessibili [SEP] Il progetto di vita indipendente non include attività di vita sociale.,Vita sociale/eventi/sport
Isolamento persona disabile [SEP] Il teatro comunale non ha posti accessibili alle carrozzine.,Vita sociale/eventi/sport
Attività ricreative non accessibili [SEP] Non esiste supporto per la gestione delle relazioni affettive della persona.,Vita sociale/eventi/sport
Isolamento persona disabile [SEP] L'associazione culturale non prevede attività adatte a persone con disabilità cognitive.,Vita sociale/eventi/sport
Attività ricreative non accessibili [SEP] La persona con disabilità intellettiva non può partecipare al corso di cucina.,Vita sociale/eventi/sport
Isolamento persona disabile [SEP] Non esistono spazi di aggregazione per giovani con disabilità nel quartiere.,Vita sociale/eventi/sport
Isolamento persona disabile [SEP] L'associazione culturale non prevede attività adatte a persone con disabilità cognitive.,Vita sociale/eventi/sport
Attività ricreative non accessibili [SEP] Non esiste un progetto di supporto alla vita affettiva e sessuale per persone con disabilità.,Vita sociale/eventi/sport
Attività ricreative non accessibili [SEP] Non esistono eventi sociali accessibili nelle ore serali.,Vita sociale/eventi/sport
Attività ricreative non accessibili [SEP] Il festival locale non ha predisposto un piano di accessibilità.,Vita sociale/eventi/sport
Attività ricreative non accessibili [SEP] La persona con disabilità acquisita ha difficoltà a reinserirsi nel contesto sociale.,Vita sociale/eventi/sport
Isolamento persona disabile [SEP] Non esiste un servizio di accompagnamento per la partecipazione ad eventi sociali.,Vita sociale/eventi/sport
Attività ricreative non accessibili [SEP] L'oratorio non ha previsto attività estive per bambini con disabilità grave.,Vita sociale/eventi/sport
Attività ricreative non accessibili [SEP] Non esiste un progetto di supporto alla vita affettiva e sessuale per persone con disabilità.,Vita sociale/eventi/sport
Esclusione eventi sociali [SEP] Non è disponibile supporto per la gestione del tempo libero in autonomia.,Vita sociale/eventi/sport
Isolamento persona disabile [SEP] La persona con disabilità grave non ha accesso a luoghi di svago.,Vita sociale/eventi/sport
Isolamento persona disabile [SEP] Non è disponibile supporto per la gestione del tempo libero in autonomia.,Vita sociale/eventi/sport
Esclusione eventi sociali [SEP] Non esiste un servizio di accompagnamento per la partecipazione ad eventi sociali.,Vita sociale/eventi/sport
Esclusione eventi sociali [SEP] La persona è stata esclusa dalla gita organizzata dall'associazione.,Vita sociale/eventi/sport
Attività ricreative non accessibili [SEP] Il festival locale non ha predisposto un piano di accessibilità.,Vita sociale/eventi/sport
Attività ricreative non accessibili [SEP] Non esistono gruppi di volontariato attivi nel supporto alla vita sociale dei disabili.,Vita sociale/eventi/sport
Esclusione eventi sociali [SEP] Il centro di aggregazione giovanile non è accessibile in sedia a rotelle.,Vita sociale/eventi/sport
Esclusione eventi sociali [SEP] Non è stato attivato nessun progetto di vita indipendente per il giovane adulto.,Vita sociale/eventi/sport
Attività ricreative non accessibili [SEP] La persona con disabilità acquisita ha difficoltà a reinserirsi nel contesto sociale.,Vita sociale/eventi/sport
Esclusione eventi sociali [SEP] Gli eventi del Comune non vengono comunicati in formato accessibile.,Vita sociale/eventi/sport
Isolamento persona disabile [SEP] L'oratorio non ha previsto attività estive per bambini con disabilità grave.,Vita sociale/eventi/sport
Isolamento persona disabile [SEP] Il progetto di vita indipendente non include attività di vita sociale.,Vita sociale/eventi/sport
Esclusione eventi sociali [SEP] Il quartiere non dispone di spazi verdi accessibili per il tempo libero.,Vita sociale/eventi/sport
Isolamento persona disabile [SEP] Non è garantito l'accompagnamento per la partecipazione a eventi religiosi.,Vita sociale/eventi/sport
Esclusione eventi sociali [SEP] Non sono previsti volontari di supporto durante gli eventi pubblici.,Vita sociale/eventi/sport
Esclusione eventi sociali [SEP] La persona non può accedere ai luoghi di culto per barriere architettoniche.,Vita sociale/eventi/sport
Isolamento persona disabile [SEP] Il gruppo di auto-aiuto non è accessibile alle persone non deambulanti.,Vita sociale/eventi/sport
Attività ricreative non accessibili [SEP] Non esistono spazi di aggregazione per giovani con disabilità nel quartiere.,Vita sociale/eventi/sport
Isolamento persona disabile [SEP] Non sono previsti volontari di supporto durante gli eventi pubblici.,Vita sociale/eventi/sport
Attività ricreative non accessibili [SEP] Il gruppo di auto-aiuto non è accessibile alle persone non deambulanti.,Vita sociale/eventi/sport
Isolamento persona disabile [SEP] Il centro di aggregazione giovanile non è accessibile in sedia a rotelle.,Vita sociale/eventi/sport
Attività ricreative non accessibili [SEP] Non vengono organizzate attività di teatro sociale inclusive.,Vita sociale/eventi/sport
Isolamento persona disabile [SEP] Non esistono percorsi di turismo accessibile nel territorio.,Vita sociale/eventi/sport
Isolamento persona disabile [SEP] Non è prevista la figura del facilitatore per l'inclusione sociale.,Vita sociale/eventi/sport
Esclusione eventi sociali [SEP] La persona è stata esclusa dalla gita organizzata dall'associazione.,Vita sociale/eventi/sport
Attività ricreative non accessibili [SEP] Non esiste supporto per la gestione delle relazioni affettive della persona.,Vita sociale/eventi/sport
Isolamento persona disabile [SEP] Il progetto di vita indipendente non include attività di vita sociale.,Vita sociale/eventi/sport
Isolamento persona disabile [SEP] Non è disponibile un servizio di peer support tra persone con disabilità.,Vita sociale/eventi/sport
Isolamento persona disabile [SEP] La persona non può accedere ai luoghi di culto per barriere architettoniche.,Vita sociale/eventi/sport
Isolamento persona disabile [SEP] L'oratorio non ha previsto attività estive per bambini con disabilità grave.,Vita sociale/eventi/sport
Isolamento persona disabile [SEP] La persona è stata esclusa dalla gita organizzata dall'associazione.,Vita sociale/eventi/sport
Attività ricreative non accessibili [SEP] Non vengono organizzati eventi di sensibilizzazione nelle scuole.,Vita sociale/eventi/sport
Esclusione eventi sociali [SEP] Il progetto di vita indipendente non include attività di vita sociale.,Vita sociale/eventi/sport
Attività ricreative non accessibili [SEP] La persona non può partecipare alla vita di quartiere per mancanza di trasporto.,Vita sociale/eventi/sport
Attività ricreative non accessibili [SEP] La persona con disabilità sensoriale non può accedere ai contenuti multimediali degli eventi.,Vita sociale/eventi/sport
Attività ricreative non accessibili [SEP] Il festival locale non ha predisposto un piano di accessibilità.,Vita sociale/eventi/sport
Attività ricreative non accessibili [SEP] La persona con disabilità sensoriale non può accedere ai contenuti multimediali degli eventi.,Vita sociale/eventi/sport
Esclusione eventi sociali [SEP] Non è disponibile un servizio di peer support tra persone con disabilità.,Vita sociale/eventi/sport
Isolamento persona disabile [SEP] Non viene garantita la partecipazione alle decisioni della comunità locale.,Vita sociale/eventi/sport
Esclusione eventi sociali [SEP] La persona non riesce a mantenere relazioni sociali per mancanza di supporto.,Vita sociale/eventi/sport
Attività ricreative non accessibili [SEP] Non esiste un servizio di accompagnamento per la partecipazione ad eventi sociali.,Vita sociale/eventi/sport
Esclusione eventi sociali [SEP] La persona è stata esclusa dalla gita organizzata dall'associazione.,Vita sociale/eventi/sport
Attività ricreative non accessibili [SEP] La persona non riesce a mantenere relazioni sociali per mancanza di supporto.,Vita sociale/eventi/sport
Esclusione eventi sociali [SEP] La persona è socialmente isolata per mancanza di opportunità di incontro.,Vita sociale/eventi/sport
Isolamento persona disabile [SEP] Non esiste un progetto di supporto alla vita affettiva e sessuale per persone con disabilità.,Vita sociale/eventi/sport
Esclusione eventi sociali [SEP] La persona con disabilità sensoriale non viene coinvolta nelle attività del centro anziani.,Vita sociale/eventi/sport
Esclusione eventi sociali [SEP] Non sono previsti volontari di supporto durante gli eventi pubblici.,Vita sociale/eventi/sport
Attività ricreative non accessibili [SEP] Non esistono spazi di aggregazione per giovani con disabilità nel quartiere.,Vita sociale/eventi/sport
Esclusione eventi sociali [SEP] Non esistono spazi di coworking accessibili per persone con disabilità.,Vita sociale/eventi/sport
Esclusione eventi sociali [SEP] La persona è stata esclusa dalla gita organizzata dall'associazione.,Vita sociale/eventi/sport
Attività ricreative non accessibili [SEP] Non è previsto nessun laboratorio artistico per persone con disabilità psichica.,Vita sociale/eventi/sport
Esclusione eventi sociali [SEP] Non esistono spazi di aggregazione per giovani con disabilità nel quartiere.,Vita sociale/eventi/sport
Esclusione eventi sociali [SEP] La persona è stata esclusa dalla gita organizzata dall'associazione.,Vita sociale/eventi/sport
Attività ricreative non accessibili [SEP] La persona con disabilità intellettiva non può partecipare al corso di cucina.,Vita sociale/eventi/sport
Isolamento persona disabile [SEP] L'associazione culturale non prevede attività adatte a persone con disabilità cognitive.,Vita sociale/eventi/sport
Esclusione eventi sociali [SEP] Non è prevista la figura del facilitatore per l'inclusione sociale.,Vita sociale/eventi/sport
Attività ricreative non accessibili [SEP] La persona non riesce a mantenere relazioni sociali per mancanza di supporto.,Vita sociale/eventi/sport
Isolamento persona disabile [SEP] Gli eventi del Comune non vengono comunicati in formato accessibile.,Vita sociale/eventi/sport
Esclusione eventi sociali [SEP] La persona è stata esclusa dalla gita organizzata dall'associazione.,Vita sociale/eventi/sport
Isolamento persona disabile [SEP] Non vengono organizzati eventi di sensibilizzazione nelle scuole.,Vita sociale/eventi/sport
Attività ricreative non accessibili [SEP] Non esistono eventi sociali accessibili nelle ore serali.,Vita sociale/eventi/sport
Attività ricreative non accessibili [SEP] La persona con disabilità sensoriale non può accedere ai contenuti multimediali degli eventi.,Vita sociale/eventi/sport
Isolamento persona disabile [SEP] L'associazione culturale non prevede attività adatte a persone con disabilità cognitive.,Vita sociale/eventi/sport
Isolamento persona disabile [SEP] La persona è stata esclusa dalla gita organizzata dall'associazione.,Vita sociale/eventi/sport
Attività ricreative non accessibili [SEP] Non è previsto nessun laboratorio artistico per persone con disabilità psichica.,Vita sociale/eventi/sport
Attività ricreative non accessibili [SEP] Non è prevista la figura del facilitatore per l'inclusione sociale.,Vita sociale/eventi/sport
Isolamento persona disabile [SEP] Il teatro comunale non ha posti accessibili alle carrozzine.,Vita sociale/eventi/sport
Attività ricreative non accessibili [SEP] Non vengono organizzati campi estivi inclusivi per bambini con disabilità.,Vita sociale/eventi/sport
Esclusione eventi sociali [SEP] La persona con disabilità intellettiva non può partecipare al corso di cucina.,Vita sociale/eventi/sport
Attività ricreative non accessibili [SEP] Non esiste un piano di inclusione sociale nel piano di zona.,Vita sociale/eventi/sport
Isolamento persona disabile [SEP] La persona non riesce a mantenere relazioni sociali per mancanza di supporto.,Vita sociale/eventi/sport
Attività ricreative non accessibili [SEP] La persona con disabilità sensoriale non può accedere ai contenuti multimediali degli eventi.,Vita sociale/eventi/sport
Attività ricreative non accessibili [SEP] Non esiste un progetto di supporto alla vita affettiva e sessuale per persone con disabilità.,Vita sociale/eventi/sport
Esclusione eventi sociali [SEP] Non esiste supporto per la gestione delle relazioni affettive della persona.,Vita sociale/eventi/sport
Isolamento persona disabile [SEP] Non viene garantito il diritto alla socialità per chi vive in struttura residenziale.,Vita sociale/eventi/sport
Isolamento persona disabile [SEP] Non esistono spazi di aggregazione per giovani con disabilità nel quartiere.,Vita sociale/eventi/sport
Attività ricreative non accessibili [SEP] La persona con disabilità sensoriale non può accedere ai contenuti multimediali degli eventi.,Vita sociale/eventi/sport
Attività ricreative non accessibili [SEP] La persona non può accedere ai luoghi di culto per barriere architettoniche.,Vita sociale/eventi/sport
Isolamento persona disabile [SEP] Non sono previsti volontari di supporto durante gli eventi pubblici.,Vita sociale/eventi/sport
Attività ricreative non accessibili [SEP] Non esistono spazi di aggregazione per giovani con disabilità nel quartiere.,Vita sociale/eventi/sport
Attività ricreative non accessibili [SEP] Non vengono organizzati eventi di sensibilizzazione nelle scuole.,Vita sociale/eventi/sport
Isolamento persona disabile [SEP] Non è garantito l'accompagnamento per la partecipazione a eventi religiosi.,Vita sociale/eventi/sport
Isolamento persona disabile [SEP] Non è prevista la figura del facilitatore per l'inclusione sociale.,Vita sociale/eventi/sport
Esclusione eventi sociali [SEP] L'associazione culturale non prevede attività adatte a persone con disabilità cognitive.,Vita sociale/eventi/sport
Esclusione eventi sociali [SEP] Non esiste supporto per la gestione delle relazioni affettive della persona.,Vita sociale/eventi/sport
Attività ricreative non accessibili [SEP] L'oratorio non ha previsto attività estive per bambini con disabilità grave.,Vita sociale/eventi/sport
Isolamento persona disabile [SEP] Il cinema non dispone di cuffie per ipoudenti durante le proiezioni.,Vita sociale/eventi/sport
Esclusione eventi sociali [SEP] Non viene garantita la partecipazione alle decisioni della comunità locale.,Vita sociale/eventi/sport
Esclusione eventi sociali [SEP] Il centro di aggregazione giovanile non è accessibile in sedia a rotelle.,Vita sociale/eventi/sport
Attività ricreative non accessibili [SEP] Non esistono percorsi di turismo accessibile nel territorio.,Vita sociale/eventi/sport
Esclusione eventi sociali [SEP] Non esistono gruppi di volontariato attivi nel supporto alla vita sociale dei disabili.,Vita sociale/eventi/sport
Attività ricreative non accessibili [SEP] La biblioteca non organizza attività di lettura accessibili.,Vita sociale/eventi/sport
Isolamento persona disabile [SEP] Non vengono organizzati campi estivi inclusivi per bambini con disabilità.,Vita sociale/eventi/sport
Esclusione eventi sociali [SEP] Il cinema non dispone di cuffie per ipoudenti durante le proiezioni.,Vita sociale/eventi/sport
Esclusione eventi sociali [SEP] La persona è stata esclusa dalla gita organizzata dall'associazione.,Vita sociale/eventi/sport
Esclusione eventi sociali [SEP] Non esiste un servizio di accompagnamento per la partecipazione ad eventi sociali.,Vita sociale/eventi/sport
Isolamento persona disabile [SEP] Non vengono organizzate attività di teatro sociale inclusive.,Vita sociale/eventi/sport
Esclusione eventi sociali [SEP] Non esiste un progetto di supporto alla vita affettiva e sessuale per persone con disabilità.,Vita sociale/eventi/sport
Esclusione eventi sociali [SEP] Il gruppo di auto-aiuto non è accessibile alle persone non deambulanti.,Vita sociale/eventi/sport
Attività ricreative non accessibili [SEP] La persona con disabilità non riesce a partecipare agli eventi culturali locali.,Vita sociale/eventi/sport
Esclusione eventi sociali [SEP] Non è prevista la figura del facilitatore per l'inclusione sociale.,Vita sociale/eventi/sport
Attività ricreative non accessibili [SEP] Il progetto di vita indipendente non include attività di vita sociale.,Vita sociale/eventi/sport
Isolamento persona disabile [SEP] Non è prevista la figura del facilitatore per l'inclusione sociale.,Vita sociale/eventi/sport
Attività ricreative non accessibili [SEP] La persona non può accedere ai luoghi di culto per barriere architettoniche.,Vita sociale/eventi/sport
Esclusione eventi sociali [SEP] La persona con disabilità intellettiva non può partecipare al corso di cucina.,Vita sociale/eventi/sport
Isolamento persona disabile [SEP] La persona con disabilità viene esclusa dalle attività del gruppo parrocchiale.,Vita sociale/eventi/sport
Esclusione eventi sociali [SEP] La persona con disabilità viene esclusa dalle attività del gruppo parrocchiale.,Vita sociale/eventi/sport
Isolamento persona disabile [SEP] La persona non riesce a mantenere relazioni sociali per mancanza di supporto.,Vita sociale/eventi/sport
Isolamento persona disabile [SEP] Non sono previsti volontari di supporto durante gli eventi pubblici.,Vita sociale/eventi/sport
Esclusione eventi sociali [SEP] Non è garantito l'accompagnamento per la partecipazione a eventi religiosi.,Vita sociale/eventi/sport
Esclusione eventi sociali [SEP] Non esistono eventi sociali accessibili nelle ore serali.,Vita sociale/eventi/sport
Esclusione eventi sociali [SEP] Non viene garantita la partecipazione alle decisioni della comunità locale.,Vita sociale/eventi/sport
Esclusione eventi sociali [SEP] Non è garantito l'accompagnamento per la partecipazione a eventi religiosi.,Vita sociale/eventi/sport
Attività ricreative non accessibili [SEP] Il progetto di vita indipendente non include attività di vita sociale.,Vita sociale/eventi/sport
Attività ricreative non accessibili [SEP] Non esistono spazi di aggregazione per giovani con disabilità nel quartiere.,Vita sociale/eventi/sport
Isolamento persona disabile [SEP] Non viene garantito il diritto alla socialità per chi vive in struttura residenziale.,Vita sociale/eventi/sport
Esclusione eventi sociali [SEP] La persona con disabilità non riesce a partecipare agli eventi culturali locali.,Vita sociale/eventi/sport
Esclusione eventi sociali [SEP] Non esiste un servizio di accompagnamento per la partecipazione ad eventi sociali.,Vita sociale/eventi/sport
Attività ricreative non accessibili [SEP] Non vengono organizzate attività di teatro sociale inclusive.,Vita sociale/eventi/sport
Esclusione eventi sociali [SEP] Il gruppo di auto-aiuto non è accessibile alle persone non deambulanti.,Vita sociale/eventi/sport
Esclusione eventi sociali [SEP] Non sono previsti eventi di sensibilizzazione sulla disabilità rivolti alla cittadinanza.,Vita sociale/eventi/sport
Esclusione eventi sociali [SEP] La persona con disabilità intellettiva non può partecipare al corso di cucina.,Vita sociale/eventi/sport
Isolamento persona disabile [SEP] Il teatro comunale non ha posti accessibili alle carrozzine.,Vita sociale/eventi/sport
Attività ricreative non accessibili [SEP] La persona è socialmente isolata per mancanza di opportunità di incontro.,Vita sociale/eventi/sport
Esclusione eventi sociali [SEP] La persona non può partecipare alla vita di quartiere per mancanza di trasporto.,Vita sociale/eventi/sport
Esclusione eventi sociali [SEP] Il teatro comunale non ha posti accessibili alle carrozzine.,Vita sociale/eventi/sport
Isolamento persona disabile [SEP] Gli eventi del Comune non vengono comunicati in formato accessibile.,Vita sociale/eventi/sport
Attività ricreative non accessibili [SEP] La persona con disabilità sensoriale non viene coinvolta nelle attività del centro anziani.,Vita sociale/eventi/sport
Isolamento persona disabile [SEP] La persona con disabilità acquisita ha difficoltà a reinserirsi nel contesto sociale.,Vita sociale/eventi/sport
Isolamento persona disabile [SEP] La persona è socialmente isolata per mancanza di opportunità di incontro.,Vita sociale/eventi/sport
Attività ricreative non accessibili [SEP] Il festival locale non ha predisposto un piano di accessibilità.,Vita sociale/eventi/sport
Isolamento persona disabile [SEP] Non esistono gruppi di volontariato attivi nel supporto alla vita sociale dei disabili.,Vita sociale/eventi/sport
Isolamento persona disabile [SEP] Non sono previsti eventi di sensibilizzazione sulla disabilità rivolti alla cittadinanza.,Vita sociale/eventi/sport
Esclusione eventi sociali [SEP] Non vengono organizzate uscite sociali per persone con disabilità intellettiva.,Vita sociale/eventi/sport
Esclusione eventi sociali [SEP] Non vengono organizzati campi estivi inclusivi per bambini con disabilità.,Vita sociale/eventi/sport
Isolamento persona disabile [SEP] Non esiste un progetto di supporto alla vita affettiva e sessuale per persone con disabilità.,Vita sociale/eventi/sport
Esclusione eventi sociali [SEP] Non sono previsti eventi inclusivi nel programma estivo del Comune.,Vita sociale/eventi/sport
Esclusione eventi sociali [SEP] Non è disponibile un servizio di trasporto per la partecipazione ad eventi.,Vita sociale/eventi/sport
Isolamento persona disabile [SEP] La persona non riesce a mantenere relazioni sociali per mancanza di supporto.,Vita sociale/eventi/sport
Esclusione eventi sociali [SEP] La persona non può accedere ai luoghi di culto per barriere architettoniche.,Vita sociale/eventi/sport
Attività ricreative non accessibili [SEP] La persona con disabilità intellettiva non può partecipare al corso di cucina.,Vita sociale/eventi/sport
Esclusione eventi sociali [SEP] La biblioteca non organizza attività di lettura accessibili.,Vita sociale/eventi/sport
Esclusione eventi sociali [SEP] Non viene garantito il diritto alla socialità per chi vive in struttura residenziale.,Vita sociale/eventi/sport
Isolamento persona disabile [SEP] Non vengono organizzati eventi di sensibilizzazione nelle scuole.,Vita sociale/eventi/sport
Esclusione eventi sociali [SEP] La persona con disabilità viene esclusa dalle attività del gruppo parrocchiale.,Vita sociale/eventi/sport
Attività ricreative non accessibili [SEP] Non esistono percorsi di turismo accessibile nel territorio.,Vita sociale/eventi/sport
Isolamento persona disabile [SEP] Il centro di aggregazione giovanile non è accessibile in sedia a rotelle.,Vita sociale/eventi/sport
Attività ricreative non accessibili [SEP] La persona con disabilità non riesce a partecipare agli eventi culturali locali.,Vita sociale/eventi/sport
Esclusione eventi sociali [SEP] Non esistono eventi sociali accessibili nelle ore serali.,Vita sociale/eventi/sport
Isolamento persona disabile [SEP] Non esistono percorsi di turismo accessibile nel territorio.,Vita sociale/eventi/sport
Attività ricreative non accessibili [SEP] Non esistono spazi di coworking accessibili per persone con disabilità.,Vita sociale/eventi/sport
Esclusione eventi sociali [SEP] Il centro di aggregazione giovanile non è accessibile in sedia a rotelle.,Vita sociale/eventi/sport
Isolamento persona disabile [SEP] La persona con disabilità viene esclusa dalle attività del gruppo parrocchiale.,Vita sociale/eventi/sport
Attività ricreative non accessibili [SEP] Non esistono spazi di aggregazione per giovani con disabilità nel quartiere.,Vita sociale/eventi/sport
Isolamento persona disabile [SEP] La persona con disabilità sensoriale non può accedere ai contenuti multimediali degli eventi.,Vita sociale/eventi/sport
Isolamento persona disabile [SEP] Non vengono organizzate uscite sociali per persone con disabilità intellettiva.,Vita sociale/eventi/sport
Isolamento persona disabile [SEP] Non esiste un servizio di accompagnamento per la partecipazione ad eventi sociali.,Vita sociale/eventi/sport
Isolamento persona disabile [SEP] Il teatro comunale non ha posti accessibili alle carrozzine.,Vita sociale/eventi/sport
Isolamento persona disabile [SEP] Non esistono spazi di coworking accessibili per persone con disabilità.,Vita sociale/eventi/sport
Isolamento persona disabile [SEP] Non è stato attivato nessun progetto di vita indipendente per il giovane adulto.,Vita sociale/eventi/sport
Esclusione eventi sociali [SEP] Non esistono gruppi di volontariato attivi nel supporto alla vita sociale dei disabili.,Vita sociale/eventi/sport
Esclusione eventi sociali [SEP] La persona è socialmente isolata per mancanza di opportunità di incontro.,Vita sociale/eventi/sport
Esclusione eventi sociali [SEP] La persona con disabilità grave non ha accesso a luoghi di svago.,Vita sociale/eventi/sport
Attività ricreative non accessibili [SEP] Non viene garantita la partecipazione alle decisioni della comunità locale.,Vita sociale/eventi/sport
Isolamento persona disabile [SEP] Il centro di aggregazione giovanile non è accessibile in sedia a rotelle.,Vita sociale/eventi/sport
Attività ricreative non accessibili [SEP] La persona con disabilità sensoriale non può accedere ai contenuti multimediali degli eventi.,Vita sociale/eventi/sport
Isolamento persona disabile [SEP] La persona con disabilità grave non ha accesso a luoghi di svago.,Vita sociale/eventi/sport
Isolamento persona disabile [SEP] Non sono previsti volontari di supporto durante gli eventi pubblici.,Vita sociale/eventi/sport
Esclusione eventi sociali [SEP] La persona con disabilità viene esclusa dalle attività del gruppo parrocchiale.,Vita sociale/eventi/sport
Isolamento persona disabile [SEP] Non vengono organizzate attività di teatro sociale inclusive.,Vita sociale/eventi/sport
Attività ricreative non accessibili [SEP] Non è disponibile un servizio di trasporto per la partecipazione ad eventi.,Vita sociale/eventi/sport
Esclusione eventi sociali [SEP] Non è previsto nessun laboratorio artistico per persone con disabilità psichica.,Vita sociale/eventi/sport
Isolamento persona disabile [SEP] Non sono previste attività di tempo libero per persone con autismo.,Vita sociale/eventi/sport
Isolamento persona disabile [SEP] Non è garantito l'accompagnamento per la partecipazione a eventi religiosi.,Vita sociale/eventi/sport
Isolamento persona disabile [SEP] La persona non può partecipare alla vita di quartiere per mancanza di trasporto.,Vita sociale/eventi/sport
Esclusione eventi sociali [SEP] La persona con disabilità intellettiva non può partecipare al corso di cucina.,Vita sociale/eventi/sport
Esclusione eventi sociali [SEP] La persona è stata esclusa dalla gita organizzata dall'associazione.,Vita sociale/eventi/sport
Isolamento persona disabile [SEP] Non vengono organizzati eventi di sensibilizzazione nelle scuole.,Vita sociale/eventi/sport
Esclusione eventi sociali [SEP] L'oratorio non ha previsto attività estive per bambini con disabilità grave.,Vita sociale/eventi/sport
Attività ricreative non accessibili [SEP] La persona con disabilità viene esclusa dalle attività del gruppo parrocchiale.,Vita sociale/eventi/sport
Isolamento persona disabile [SEP] Non esiste un servizio di accompagnamento per la partecipazione ad eventi sociali.,Vita sociale/eventi/sport
Attività ricreative non accessibili [SEP] Non esistono eventi sociali accessibili nelle ore serali.,Vita sociale/eventi/sport
Isolamento persona disabile [SEP] La biblioteca non organizza attività di lettura accessibili.,Vita sociale/eventi/sport
Isolamento persona disabile [SEP] Non vengono attivati percorsi di animazione territoriale inclusiva.,Vita sociale/eventi/sport
Attività ricreative non accessibili [SEP] La persona con disabilità acquisita ha difficoltà a reinserirsi nel contesto sociale.,Vita sociale/eventi/sport
Isolamento persona disabile [SEP] Non esistono spazi di aggregazione per giovani con disabilità nel quartiere.,Vita sociale/eventi/sport
Isolamento persona disabile [SEP] Non esistono gruppi di volontariato attivi nel supporto alla vita sociale dei disabili.,Vita sociale/eventi/sport
Isolamento persona disabile [SEP] Non esistono gruppi di volontariato attivi nel supporto alla vita sociale dei disabili.,Vita sociale/eventi/sport
Esclusione eventi sociali [SEP] Il quartiere non dispone di spazi verdi accessibili per il tempo libero.,Vita sociale/eventi/sport
Attività ricreative non accessibili [SEP] La persona con disabilità acquisita ha difficoltà a reinserirsi nel contesto sociale.,Vita sociale/eventi/sport
Attività ricreative non accessibili [SEP] La persona è stata esclusa dalla gita organizzata dall'associazione.,Vita sociale/eventi/sport
Esclusione eventi sociali [SEP] Non esiste un piano di inclusione sociale nel piano di zona.,Vita sociale/eventi/sport
Esclusione eventi sociali [SEP] Non esistono spazi di aggregazione per giovani con disabilità nel quartiere.,Vita sociale/eventi/sport
Esclusione eventi sociali [SEP] Non esistono gruppi di volontariato attivi nel supporto alla vita sociale dei disabili.,Vita sociale/eventi/sport
Esclusione eventi sociali [SEP] Non esistono eventi sociali accessibili nelle ore serali.,Vita sociale/eventi/sport
Esclusione eventi sociali [SEP] La persona con disabilità sensoriale non può accedere ai contenuti multimediali degli eventi.,Vita sociale/eventi/sport
Esclusione eventi sociali [SEP] Non esiste un progetto di supporto alla vita affettiva e sessuale per persone con disabilità.,Vita sociale/eventi/sport
Isolamento persona disabile [SEP] Non è stato attivato nessun progetto di vita indipendente per il giovane adulto.,Vita sociale/eventi/sport
Esclusione eventi sociali [SEP] La persona è stata esclusa dalla gita organizzata dall'associazione.,Vita sociale/eventi/sport
Isolamento persona disabile [SEP] Il festival locale non ha predisposto un piano di accessibilità.,Vita sociale/eventi/sport
Isolamento persona disabile [SEP] La persona con disabilità acquisita ha difficoltà a reinserirsi nel contesto sociale.,Vita sociale/eventi/sport
Attività ricreative non accessibili [SEP] Non esistono gruppi di volontariato attivi nel supporto alla vita sociale dei disabili.,Vita sociale/eventi/sport
Esclusione eventi sociali [SEP] La persona è stata esclusa dalla gita organizzata dall'associazione.,Vita sociale/eventi/sport
Esclusione eventi sociali [SEP] Non esistono gruppi di volontariato attivi nel supporto alla vita sociale dei disabili.,Vita sociale/eventi/sport
Isolamento persona disabile [SEP] Non sono previsti eventi di sensibilizzazione sulla disabilità rivolti alla cittadinanza.,Vita sociale/eventi/sport
Esclusione eventi sociali [SEP] Non sono previsti eventi di sensibilizzazione sulla disabilità rivolti alla cittadinanza.,Vita sociale/eventi/sport
Isolamento persona disabile [SEP] La persona non può accedere ai luoghi di culto per barriere architettoniche.,Vita sociale/eventi/sport
Esclusione eventi sociali [SEP] Il festival locale non ha predisposto un piano di accessibilità.,Vita sociale/eventi/sport
Attività ricreative non accessibili [SEP] Non sono previsti volontari di supporto durante gli eventi pubblici.,Vita sociale/eventi/sport
Esclusione eventi sociali [SEP] Non esistono percorsi di turismo accessibile nel territorio.,Vita sociale/eventi/sport
Attività ricreative non accessibili [SEP] Non viene garantito il diritto alla socialità per chi vive in struttura residenziale.,Vita sociale/eventi/sport
Attività ricreative non accessibili [SEP] La persona è stata esclusa dalla gita organizzata dall'associazione.,Vita sociale/eventi/sport
Esclusione eventi sociali [SEP] Il quartiere non dispone di spazi verdi accessibili per il tempo libero.,Vita sociale/eventi/sport
Isolamento persona disabile [SEP] Non sono previsti volontari di supporto durante gli eventi pubblici.,Vita sociale/eventi/sport
Attività ricreative non accessibili [SEP] La persona non può accedere ai luoghi di culto per barriere architettoniche.,Vita sociale/eventi/sport
Isolamento persona disabile [SEP] Non esiste un progetto di supporto alla vita affettiva e sessuale per persone con disabilità.,Vita sociale/eventi/sport
Esclusione eventi sociali [SEP] La persona è socialmente isolata per mancanza di opportunità di incontro.,Vita sociale/eventi/sport
Attività ricreative non accessibili [SEP] Non esistono eventi sociali accessibili nelle ore serali.,Vita sociale/eventi/sport
Isolamento persona disabile [SEP] Non è garantito l'accompagnamento per la partecipazione a eventi religiosi.,Vita sociale/eventi/sport
Isolamento persona disabile [SEP] Il centro di aggregazione giovanile non è accessibile in sedia a rotelle.,Vita sociale/eventi/sport
Esclusione eventi sociali [SEP] La persona con disabilità intellettiva non può partecipare al corso di cucina.,Vita sociale/eventi/sport
Attività ricreative non accessibili [SEP] Il quartiere non dispone di spazi verdi accessibili per il tempo libero.,Vita sociale/eventi/sport
Attività ricreative non accessibili [SEP] La persona con disabilità grave non ha accesso a luoghi di svago.,Vita sociale/eventi/sport
Attività ricreative non accessibili [SEP] Non esistono spazi di coworking accessibili per persone con disabilità.,Vita sociale/eventi/sport
Attività ricreative non accessibili [SEP] Non esistono eventi sociali accessibili nelle ore serali.,Vita sociale/eventi/sport
Isolamento persona disabile [SEP] Non sono previste attività di tempo libero per persone con autismo.,Vita sociale/eventi/sport
Esclusione eventi sociali [SEP] Non esistono spazi di coworking accessibili per persone con disabilità.,Vita sociale/eventi/sport
Attività ricreative non accessibili [SEP] Non è disponibile supporto per la gestione del tempo libero in autonomia.,Vita sociale/eventi/sport
Attività ricreative non accessibili [SEP] Non sono previsti volontari di supporto durante gli eventi pubblici.,Vita sociale/eventi/sport
Attività ricreative non accessibili [SEP] Non sono previsti eventi inclusivi nel programma estivo del Comune.,Vita sociale/eventi/sport
Isolamento persona disabile [SEP] Non è garantito l'accompagnamento per la partecipazione a eventi religiosi.,Vita sociale/eventi/sport
Esclusione eventi sociali [SEP] Non è garantito l'accompagnamento per la partecipazione a eventi religiosi.,Vita sociale/eventi/sport
Attività ricreative non accessibili [SEP] Gli eventi del Comune non vengono comunicati in formato accessibile.,Vita sociale/eventi/sport
Esclusione eventi sociali [SEP] La persona con disabilità viene esclusa dalle attività del gruppo parrocchiale.,Vita sociale/eventi/sport
Attività ricreative non accessibili [SEP] Non è disponibile supporto per la gestione del tempo libero in autonomia.,Vita sociale/eventi/sport
Attività ricreative non accessibili [SEP] Non esistono spazi di coworking accessibili per persone con disabilità.,Vita sociale/eventi/sport
Esclusione eventi sociali [SEP] Non sono previsti volontari di supporto durante gli eventi pubblici.,Vita sociale/eventi/sport
Esclusione eventi sociali [SEP] Non sono previsti eventi di sensibilizzazione sulla disabilità rivolti alla cittadinanza.,Vita sociale/eventi/sport
Attività ricreative non accessibili [SEP] Non esistono eventi sociali accessibili nelle ore serali.,Vita sociale/eventi/sport
Isolamento persona disabile [SEP] Non esiste un servizio di accompagnamento per la partecipazione ad eventi sociali.,Vita sociale/eventi/sport
Isolamento persona disabile [SEP] La persona con disabilità grave non ha accesso a luoghi di svago.,Vita sociale/eventi/sport
Attività ricreative non accessibili [SEP] La persona non può accedere ai luoghi di culto per barriere architettoniche.,Vita sociale/eventi/sport
Attività ricreative non accessibili [SEP] Non esistono spazi di coworking accessibili per persone con disabilità.,Vita sociale/eventi/sport
Esclusione eventi sociali [SEP] La persona è stata esclusa dalla gita organizzata dall'associazione.,Vita sociale/eventi/sport
Isolamento persona disabile [SEP] Non esistono spazi di aggregazione per giovani con disabilità nel quartiere.,Vita sociale/eventi/sport
Isolamento persona disabile [SEP] Non esiste un piano di inclusione sociale nel piano di zona.,Vita sociale/eventi/sport
Attività ricreative non accessibili [SEP] La persona è stata esclusa dalla gita organizzata dall'associazione.,Vita sociale/eventi/sport
Esclusione eventi sociali [SEP] Non esistono spazi di coworking accessibili per persone con disabilità.,Vita sociale/eventi/sport
Esclusione eventi sociali [SEP] Non sono previste attività di tempo libero per persone con autismo.,Vita sociale/eventi/sport
Isolamento persona disabile [SEP] Non è prevista la figura del facilitatore per l'inclusione sociale.,Vita sociale/eventi/sport
Attività ricreative non accessibili [SEP] Non è previsto nessun laboratorio artistico per persone con disabilità psichica.,Vita sociale/eventi/sport
Esclusione eventi sociali [SEP] Non esistono eventi sociali accessibili nelle ore serali.,Vita sociale/eventi/sport
Esclusione eventi sociali [SEP] Non è disponibile supporto per la gestione del tempo libero in autonomia.,Vita sociale/eventi/sport
Esclusione eventi sociali [SEP] Non esistono gruppi di volontariato attivi nel supporto alla vita sociale dei disabili.,Vita sociale/eventi/sport
Isolamento persona disabile [SEP] Non esistono spazi di coworking accessibili per persone con disabilità.,Vita sociale/eventi/sport
Attività ricreative non accessibili [SEP] Non esiste supporto per la gestione delle relazioni affettive della persona.,Vita sociale/eventi/sport
Esclusione eventi sociali [SEP] Il teatro comunale non ha posti accessibili alle carrozzine.,Vita sociale/eventi/sport
Attività ricreative non accessibili [SEP] Non vengono attivati percorsi di animazione territoriale inclusiva.,Vita sociale/eventi/sport
Attività ricreative non accessibili [SEP] Gli eventi del Comune non vengono comunicati in formato accessibile.,Vita sociale/eventi/sport
Attività ricreative non accessibili [SEP] Non sono previsti eventi di sensibilizzazione sulla disabilità rivolti alla cittadinanza.,Vita sociale/eventi/sport
Richiesta orientamento servizi [SEP] La persona chiede un incontro conoscitivo senza una richiesta specifica.,Altro
Caso non categorizzabile [SEP] La persona chiede assistenza per formulare correttamente la propria richiesta.,Altro
Richiesta orientamento servizi [SEP] Il problema non rientra nella competenza di un singolo servizio.,Altro
Richiesta orientamento servizi [SEP] La richiesta non ha trovato risposta adeguata nei servizi esistenti.,Altro
Richiesta orientamento servizi [SEP] La persona ha bisogno di supporto per accedere ai servizi digitali.,Altro
Segnalazione generica [SEP] Il bisogno espresso non è riconducibile a una categoria esistente.,Altro
Caso non categorizzabile [SEP] Il problema non rientra nella competenza di un singolo servizio.,Altro
Caso non categorizzabile [SEP] La situazione richiede un intervento straordinario non previsto dalla normativa.,Altro
Caso non categorizzabile [SEP] La persona chiede un incontro conoscitivo senza una richiesta specifica.,Altro
Segnalazione generica [SEP] La persona non ha fiducia nei servizi a causa di esperienze negative passate.,Altro
Segnalazione generica [SEP] La persona ha bisogno di supporto per accedere ai servizi digitali.,Altro
Segnalazione generica [SEP] La segnalazione riguarda un problema emerso di recente.,Altro
Caso non categorizzabile [SEP] La segnalazione richiede un approfondimento prima dell'inserimento in categoria.,Altro
Segnalazione generica [SEP] La situazione è complessa e coinvolge più ambiti di intervento.,Altro
Caso non categorizzabile [SEP] Il problema segnalato richiede una valutazione multidisciplinare.,Altro
Segnalazione generica [SEP] La persona non ha fiducia nei servizi a causa di esperienze negative passate.,Altro
Caso non categorizzabile [SEP] Il problema segnalato richiede una valutazione multidisciplinare.,Altro
Richiesta orientamento servizi [SEP] Non è stato ricevuto nessun riscontro dopo la segnalazione precedente.,Altro
Richiesta orientamento servizi [SEP] Il servizio competente non è stato individuato dall'utente.,Altro
Richiesta orientamento servizi [SEP] Il problema segnalato richiede una valutazione multidisciplinare.,Altro
Segnalazione generica [SEP] La segnalazione riguarda un problema emerso di recente.,Altro
Richiesta orientamento servizi [SEP] Non è presente nel territorio un servizio adeguato al bisogno espresso.,Altro
Segnalazione generica [SEP] La persona ha ricevuto informazioni contrastanti da enti diversi.,Altro
Richiesta orientamento servizi [SEP] La segnalazione riguarda un disservizio non categorizzabile facilmente.,Altro
Caso non categorizzabile [SEP] Il problema è noto ma non è stato ancora trovato un ente competente.,Altro
Segnalazione generica [SEP] La persona è in lista d'attesa per un servizio non categorizzato.,Altro
Segnalazione generica [SEP] La situazione è nuova e non prevista dal sistema di segnalazione.,Altro
Richiesta orientamento servizi [SEP] La segnalazione richiede un approfondimento prima dell'inserimento in categoria.,Altro
Segnalazione generica [SEP] La segnalazione richiede un approfondimento prima dell'inserimento in categoria.,Altro
Caso non categorizzabile [SEP] La richiesta è stata inviata al servizio sbagliato per errore.,Altro
Caso non categorizzabile [SEP] La problematica richiede una risposta multisettoriale.,Altro
Segnalazione generica [SEP] La persona è in lista d'attesa per un servizio non categorizzato.,Altro
Caso non categorizzabile [SEP] La segnalazione riguarda un disservizio non categorizzabile facilmente.,Altro
Segnalazione generica [SEP] La persona chiede aggiornamenti su una richiesta già inoltrata.,Altro
Segnalazione generica [SEP] La situazione richiede un intervento straordinario non previsto dalla normativa.,Altro
Caso non categorizzabile [SEP] La persona chiede supporto per compilare la documentazione necessaria.,Altro
Richiesta orientamento servizi [SEP] La persona non ha fiducia nei servizi a causa di esperienze negative passate.,Altro
Richiesta orientamento servizi [SEP] Non è presente nel territorio un servizio adeguato al bisogno espresso.,Altro
Richiesta orientamento servizi [SEP] La persona ha difficoltà a descrivere il problema in modo preciso.,Altro
Caso non categorizzabile [SEP] Non è stato ricevuto nessun riscontro dopo la segnalazione precedente.,Altro
Segnalazione generica [SEP] La persona non ha fiducia nei servizi a causa di esperienze negative passate.,Altro
Caso non categorizzabile [SEP] La segnalazione richiede un approfondimento prima dell'inserimento in categoria.,Altro
Segnalazione generica [SEP] La persona ha ricevuto informazioni contrastanti da enti diversi.,Altro
Richiesta orientamento servizi [SEP] La situazione è urgente ma non rientra nelle categorie consuete.,Altro
Caso non categorizzabile [SEP] La persona chiede informazioni generali sui propri diritti.,Altro
Segnalazione generica [SEP] Il servizio competente non è stato individuato dall'utente.,Altro
Segnalazione generica [SEP] La richiesta richiede ulteriori informazioni per essere processata.,Altro
Segnalazione generica [SEP] Non è presente documentazione a supporto della segnalazione.,Altro
Segnalazione generica [SEP] La persona chiede supporto per orientarsi tra i servizi disponibili.,Altro
Richiesta orientamento servizi [SEP] Non è stato ricevuto nessun riscontro dopo la segnalazione precedente.,Altro
Caso non categorizzabile [SEP] Non è chiaro a quale servizio rivolgersi per questa problematica.,Altro
Segnalazione generica [SEP] La segnalazione è stata fatta anche ad altri enti senza risposta.,Altro
Caso non categorizzabile [SEP] Non è stato possibile determinare l'ambito di competenza corretto.,Altro
Caso non categorizzabile [SEP] La persona ha difficoltà a descrivere il problema in modo preciso.,Altro
Segnalazione generica [SEP] La richiesta non ha trovato risposta adeguata nei servizi esistenti.,Altro
Segnalazione generica [SEP] Il problema non rientra nella competenza di un singolo servizio.,Altro
Caso non categorizzabile [SEP] Non è presente nel territorio un servizio adeguato al bisogno espresso.,Altro
Richiesta orientamento servizi [SEP] Il servizio competente non è stato individuato dall'utente.,Altro
Richiesta orientamento servizi [SEP] Non esiste un protocollo specifico per la gestione di questo tipo di caso.,Altro
Caso non categorizzabile [SEP] La segnalazione riguarda un disservizio non categorizzabile facilmente.,Altro
Richiesta orientamento servizi [SEP] La segnalazione richiede un approfondimento prima dell'inserimento in categoria.,Altro
Caso non categorizzabile [SEP] È necessaria una consulenza generica prima di attivare un servizio specifico.,Altro
Segnalazione generica [SEP] La richiesta non rientra nelle categorie standard disponibili.,Altro
Segnalazione generica [SEP] La richiesta è stata ricevuta ma non ancora assegnata al servizio competente.,Altro
Segnalazione generica [SEP] Il servizio competente non è stato individuato dall'utente.,Altro
Caso non categorizzabile [SEP] La situazione richiede un intervento urgente ma non è stata ancora classificata.,Altro
Richiesta orientamento servizi [SEP] Non è stata identificata la categoria di appartenenza del problema.,Altro
Caso non categorizzabile [SEP] La persona ha ricevuto informazioni contrastanti da enti diversi.,Altro
Richiesta orientamento servizi [SEP] La richiesta richiede ulteriori informazioni per essere processata.,Altro
Segnalazione generica [SEP] La richiesta è stata ricevuta ma non ancora assegnata al servizio competente.,Altro
Caso non categorizzabile [SEP] Non è chiaro se il problema rientri nella competenza comunale o regionale.,Altro
Richiesta orientamento servizi [SEP] La situazione è urgente ma non rientra nelle categorie consuete.,Altro
Segnalazione generica [SEP] La problematica richiede una risposta multisettoriale.,Altro
Segnalazione generica [SEP] È necessaria una consulenza generica prima di attivare un servizio specifico.,Altro
Caso non categorizzabile [SEP] Non si conosce l'ente competente per gestire questa problematica.,Altro
Caso non categorizzabile [SEP] Non è chiaro se il problema rientri nella competenza comunale o regionale.,Altro
Caso non categorizzabile [SEP] La situazione richiede un intervento urgente ma non è stata ancora classificata.,Altro
Segnalazione generica [SEP] La persona chiede aggiornamenti su una richiesta già inoltrata.,Altro
Richiesta orientamento servizi [SEP] La richiesta non rientra nelle categorie standard disponibili.,Altro
Segnalazione generica [SEP] Non è stata ricevuta alcuna comunicazione dopo l'invio della segnalazione.,Altro
Caso non categorizzabile [SEP] La segnalazione riguarda un problema emerso di recente.,Altro
Caso non categorizzabile [SEP] La persona chiede aggiornamenti su una richiesta già inoltrata.,Altro
Caso non categorizzabile [SEP] È necessaria una consulenza generica prima di attivare un servizio specifico.,Altro
Segnalazione generica [SEP] La situazione è complessa e coinvolge più ambiti di intervento.,Altro
Segnalazione generica [SEP] Non esiste un protocollo specifico per la gestione di questo tipo di caso.,Altro
Segnalazione generica [SEP] Non è chiaro a quale servizio rivolgersi per questa problematica.,Altro
Richiesta orientamento servizi [SEP] Non si conosce l'ente competente per gestire questa problematica.,Altro
Segnalazione generica [SEP] La richiesta è stata inviata al servizio sbagliato per errore.,Altro
Richiesta orientamento servizi [SEP] La richiesta non ha trovato risposta adeguata nei servizi esistenti.,Altro
Caso non categorizzabile [SEP] La richiesta riguarda un caso non previsto dalla normativa attuale.,Altro
Segnalazione generica [SEP] La richiesta è in fase di valutazione preliminare.,Altro
Richiesta orientamento servizi [SEP] La segnalazione è stata fatta anche ad altri enti senza risposta.,Altro
Segnalazione generica [SEP] La richiesta è in fase di valutazione preliminare.,Altro
Richiesta orientamento servizi [SEP] Il problema è noto ma non è stato ancora trovato un ente competente.,Altro
Segnalazione generica [SEP] La persona ha difficoltà a descrivere il problema in modo preciso.,Altro
Segnalazione generica [SEP] Non è stato ancora attivato nessun intervento.,Altro
Richiesta orientamento servizi [SEP] La richiesta riguarda un caso non previsto dalla normativa attuale.,Altro
Caso non categorizzabile [SEP] La persona ha difficoltà a descrivere il problema in modo preciso.,Altro
Caso non categorizzabile [SEP] La richiesta non ha trovato risposta adeguata nei servizi esistenti.,Altro
Segnalazione generica [SEP] Non è chiaro se il problema rientri nella competenza comunale o regionale.,Altro
Caso non categorizzabile [SEP] La persona chiede informazioni generali sui propri diritti.,Altro
Caso non categorizzabile [SEP] È necessaria una consulenza generica prima di attivare un servizio specifico.,Altro
Richiesta orientamento servizi [SEP] Non è stata trovata una soluzione nei canali ordinari.,Altro
Richiesta orientamento servizi [SEP] Non è presente nel territorio un servizio adeguato al bisogno espresso.,Altro
Caso non categorizzabile [SEP] La situazione è nuova e non prevista dal sistema di segnalazione.,Altro
Richiesta orientamento servizi [SEP] La richiesta è di natura informativa e non richiede intervento immediato.,Altro
Segnalazione generica [SEP] Il problema non rientra nella competenza di un singolo servizio.,Altro
Caso non categorizzabile [SEP] La persona ha bisogno di orientamento generale sui servizi disponibili.,Altro
Caso non categorizzabile [SEP] Il servizio competente non è stato individuato dall'utente.,Altro
Segnalazione generica [SEP] La richiesta non ha trovato risposta adeguata nei servizi esistenti.,Altro
Caso non categorizzabile [SEP] La persona chiede un incontro conoscitivo senza una richiesta specifica.,Altro
Caso non categorizzabile [SEP] È necessaria una consulenza generica prima di attivare un servizio specifico.,Altro
Segnalazione generica [SEP] La richiesta richiede ulteriori informazioni per essere processata.,Altro
Caso non categorizzabile [SEP] Il bisogno espresso non è riconducibile a una categoria esistente.,Altro
Segnalazione generica [SEP] Non esiste un protocollo specifico per la gestione di questo tipo di caso.,Altro
Richiesta orientamento servizi [SEP] La persona ha ricevuto informazioni contrastanti da enti diversi.,Altro
Caso non categorizzabile [SEP] La persona non ha fiducia nei servizi a causa di esperienze negative passate.,Altro
Caso non categorizzabile [SEP] Il problema segnalato richiede una valutazione multidisciplinare.,Altro
Richiesta orientamento servizi [SEP] La segnalazione richiede un approfondimento prima dell'inserimento in categoria.,Altro
Caso non categorizzabile [SEP] La situazione richiede un coordinamento tra servizi che non è ancora avvenuto.,Altro
Richiesta orientamento servizi [SEP] Il bisogno espresso non è riconducibile a una categoria esistente.,Altro
Caso non categorizzabile [SEP] La situazione richiede un intervento straordinario non previsto dalla normativa.,Altro
Richiesta orientamento servizi [SEP] Non è stato ricevuto nessun riscontro dopo la segnalazione precedente.,Altro
Richiesta orientamento servizi [SEP] La situazione richiede un intervento urgente ma non è stata ancora classificata.,Altro
Richiesta orientamento servizi [SEP] Non è stata identificata la categoria di appartenenza del problema.,Altro
Caso non categorizzabile [SEP] La richiesta non ha trovato risposta adeguata nei servizi esistenti.,Altro
Caso non categorizzabile [SEP] La richiesta non rientra nelle categorie standard disponibili.,Altro
Segnalazione generica [SEP] La persona è in lista d'attesa per un servizio non categorizzato.,Altro
Caso non categorizzabile [SEP] Il problema segnalato richiede una valutazione multidisciplinare.,Altro
Caso non categorizzabile [SEP] La persona chiede un incontro conoscitivo senza una richiesta specifica.,Altro
Richiesta orientamento servizi [SEP] La richiesta è stata inviata al servizio sbagliato per errore.,Altro
Richiesta orientamento servizi [SEP] La situazione richiede un coordinamento tra servizi che non è ancora avvenuto.,Altro
Segnalazione generica [SEP] Non è stata identificata la categoria di appartenenza del problema.,Altro
Caso non categorizzabile [SEP] Non è stato ancora attivato nessun intervento.,Altro
Caso non categorizzabile [SEP] La richiesta è di natura informativa e non richiede intervento immediato.,Altro
Segnalazione generica [SEP] La situazione è nuova e non prevista dal sistema di segnalazione.,Altro
Caso non categorizzabile [SEP] Il bisogno espresso non è riconducibile a una categoria esistente.,Altro
Caso non categorizzabile [SEP] La persona chiede aggiornamenti su una richiesta già inoltrata.,Altro
Segnalazione generica [SEP] La richiesta è stata ricevuta ma non ancora assegnata al servizio competente.,Altro
Caso non categorizzabile [SEP] La persona chiede un incontro conoscitivo senza una richiesta specifica.,Altro
Caso non categorizzabile [SEP] Il bisogno espresso non è riconducibile a una categoria esistente.,Altro
Segnalazione generica [SEP] La richiesta non ha trovato risposta adeguata nei servizi esistenti.,Altro
Caso non categorizzabile [SEP] Il problema segnalato richiede una valutazione multidisciplinare.,Altro
Segnalazione generica [SEP] La richiesta è di natura informativa e non richiede intervento immediato.,Altro
Richiesta orientamento servizi [SEP] La richiesta richiede ulteriori informazioni per essere processata.,Altro
Segnalazione generica [SEP] La richiesta richiede ulteriori informazioni per essere processata.,Altro
Caso non categorizzabile [SEP] La persona non è riuscita ad accedere ai servizi per motivi burocratici.,Altro
Segnalazione generica [SEP] La situazione è nuova e non prevista dal sistema di segnalazione.,Altro
Richiesta orientamento servizi [SEP] La persona chiede aggiornamenti su una richiesta già inoltrata.,Altro
Segnalazione generica [SEP] La persona chiede supporto per orientarsi tra i servizi disponibili.,Altro
Segnalazione generica [SEP] La richiesta è stata inviata al servizio sbagliato per errore.,Altro
Caso non categorizzabile [SEP] È necessaria una consulenza generica prima di attivare un servizio specifico.,Altro
Caso non categorizzabile [SEP] La situazione è urgente ma non rientra nelle categorie consuete.,Altro
Richiesta orientamento servizi [SEP] La situazione richiede un intervento urgente ma non è stata ancora classificata.,Altro
Caso non categorizzabile [SEP] La persona ha difficoltà a descrivere il problema in modo preciso.,Altro
Caso non categorizzabile [SEP] La persona è in lista d'attesa per un servizio non categorizzato.,Altro
Segnalazione generica [SEP] È necessaria una consulenza generica prima di attivare un servizio specifico.,Altro
Segnalazione generica [SEP] La persona ha difficoltà a descrivere il problema in modo preciso.,Altro
Segnalazione generica [SEP] La situazione è complessa e coinvolge più ambiti di intervento.,Altro
Richiesta orientamento servizi [SEP] La situazione richiede un intervento urgente ma non è stata ancora classificata.,Altro
Caso non categorizzabile [SEP] La persona ha bisogno di supporto per accedere ai servizi digitali.,Altro
Richiesta orientamento servizi [SEP] Il problema non rientra nella competenza di un singolo servizio.,Altro
Caso non categorizzabile [SEP] La persona non è riuscita ad accedere ai servizi per motivi burocratici.,Altro
Caso non categorizzabile [SEP] Non è chiaro se il problema rientri nella competenza comunale o regionale.,Altro
Segnalazione generica [SEP] Non è chiaro se il problema rientri nella competenza comunale o regionale.,Altro
Richiesta orientamento servizi [SEP] La richiesta non rientra nelle categorie standard disponibili.,Altro
Caso non categorizzabile [SEP] Non è stata trovata una soluzione nei canali ordinari.,Altro
Caso non categorizzabile [SEP] La persona non è riuscita ad accedere ai servizi per motivi burocratici.,Altro
Richiesta orientamento servizi [SEP] La segnalazione riguarda un problema emerso di recente.,Altro
Caso non categorizzabile [SEP] Non è stata trovata una soluzione nei canali ordinari.,Altro
Richiesta orientamento servizi [SEP] La segnalazione richiede un approfondimento prima dell'inserimento in categoria.,Altro
Segnalazione generica [SEP] Il problema è noto ma non è stato ancora trovato un ente competente.,Altro
Caso non categorizzabile [SEP] Non esiste un protocollo specifico per la gestione di questo tipo di caso.,Altro
Segnalazione generica [SEP] La richiesta è stata inviata al servizio sbagliato per errore.,Altro
Caso non categorizzabile [SEP] La richiesta è di natura informativa e non richiede intervento immediato.,Altro
Richiesta orientamento servizi [SEP] La persona chiede un incontro conoscitivo senza una richiesta specifica.,Altro
Segnalazione generica [SEP] È necessaria una consulenza generica prima di attivare un servizio specifico.,Altro
Richiesta orientamento servizi [SEP] La richiesta è stata inviata al servizio sbagliato per errore.,Altro
Richiesta orientamento servizi [SEP] La segnalazione è stata fatta anche ad altri enti senza risposta.,Altro
Richiesta orientamento servizi [SEP] Non è stato possibile determinare l'ambito di competenza corretto.,Altro
Segnalazione generica [SEP] Non è stato ancora attivato nessun intervento.,Altro
Segnalazione generica [SEP] La persona chiede informazioni generali sui propri diritti.,Altro
Caso non categorizzabile [SEP] Non è stato ancora attivato nessun intervento.,Altro
Richiesta orientamento servizi [SEP] Non è stata identificata la categoria di appartenenza del problema.,Altro
Segnalazione generica [SEP] La persona chiede informazioni generali sui propri diritti.,Altro
Caso non categorizzabile [SEP] La richiesta non ha trovato risposta adeguata nei servizi esistenti.,Altro
Segnalazione generica [SEP] Non è stato ricevuto nessun riscontro dopo la segnalazione precedente.,Altro
Caso non categorizzabile [SEP] La persona chiede informazioni generali sui propri diritti.,Altro
Segnalazione generica [SEP] La situazione richiede un intervento straordinario non previsto dalla normativa.,Altro
Richiesta orientamento servizi [SEP] La persona chiede supporto per compilare la documentazione necessaria.,Altro
Caso non categorizzabile [SEP] La persona ha bisogno di orientamento generale sui servizi disponibili.,Altro
Richiesta orientamento servizi [SEP] Non è presente nel territorio un servizio adeguato al bisogno espresso.,Altro
Richiesta orientamento servizi [SEP] Il problema segnalato richiede una valutazione multidisciplinare.,Altro
Caso non categorizzabile [SEP] La persona chiede aggiornamenti su una richiesta già inoltrata.,Altro
Caso non categorizzabile [SEP] La persona è in lista d'attesa per un servizio non categorizzato.,Altro
Richiesta orientamento servizi [SEP] La problematica richiede una risposta multisettoriale.,Altro
Segnalazione generica [SEP] Non è chiaro a quale servizio rivolgersi per questa problematica.,Altro
Segnalazione generica [SEP] È necessaria una consulenza generica prima di attivare un servizio specifico.,Altro
Richiesta orientamento servizi [SEP] La segnalazione è stata fatta anche ad altri enti senza risposta.,Altro
Caso non categorizzabile [SEP] La richiesta è in fase di valutazione preliminare.,Altro
Caso non categorizzabile [SEP] Il bisogno espresso non è riconducibile a una categoria esistente.,Altro
Richiesta orientamento servizi [SEP] La persona chiede supporto per orientarsi tra i servizi disponibili.,Altro
Segnalazione generica [SEP] Non è chiaro a quale servizio rivolgersi per questa problematica.,Altro
Caso non categorizzabile [SEP] Non è stato ancora attivato nessun intervento.,Altro
Caso non categorizzabile [SEP] Non è presente documentazione a supporto della segnalazione.,Altro
Caso non categorizzabile [SEP] La situazione richiede un intervento straordinario non previsto dalla normativa.,Altro
Caso non categorizzabile [SEP] Non è stata ricevuta alcuna comunicazione dopo l'invio della segnalazione.,Altro
Caso non categorizzabile [SEP] La persona ha bisogno di supporto per accedere ai servizi digitali.,Altro
Richiesta orientamento servizi [SEP] La segnalazione richiede un approfondimento prima dell'inserimento in categoria.,Altro
Segnalazione generica [SEP] La persona chiede un incontro conoscitivo senza una richiesta specifica.,Altro
Caso non categorizzabile [SEP] La persona è in lista d'attesa per un servizio non categorizzato.,Altro
Caso non categorizzabile [SEP] Il servizio competente non è stato individuato dall'utente.,Altro
Caso non categorizzabile [SEP] Il problema segnalato richiede una valutazione multidisciplinare.,Altro
Richiesta orientamento servizi [SEP] Non è stato possibile determinare l'ambito di competenza corretto.,Altro
Richiesta orientamento servizi [SEP] La situazione è nuova e non prevista dal sistema di segnalazione.,Altro
Richiesta orientamento servizi [SEP] La situazione è complessa e coinvolge più ambiti di intervento.,Altro
Richiesta orientamento servizi [SEP] È necessaria una consulenza generica prima di attivare un servizio specifico.,Altro
Caso non categorizzabile [SEP] Non è chiaro a quale servizio rivolgersi per questa problematica.,Altro
Caso non categorizzabile [SEP] La segnalazione riguarda un disservizio non categorizzabile facilmente.,Altro
Caso non categorizzabile [SEP] Non si conosce l'ente competente per gestire questa problematica.,Altro
Segnalazione generica [SEP] La situazione richiede un intervento urgente ma non è stata ancora classificata.,Altro
Caso non categorizzabile [SEP] La situazione è nuova e non prevista dal sistema di segnalazione.,Altro
Richiesta orientamento servizi [SEP] La persona non è riuscita ad accedere ai servizi per motivi burocratici.,Altro
Caso non categorizzabile [SEP] Non esiste un protocollo specifico per la gestione di questo tipo di caso.,Altro
Segnalazione generica [SEP] Non si conosce l'ente competente per gestire questa problematica.,Altro
Segnalazione generica [SEP] Non è stata ricevuta alcuna comunicazione dopo l'invio della segnalazione.,Altro
Segnalazione generica [SEP] La situazione richiede un intervento urgente ma non è stata ancora classificata.,Altro
Richiesta orientamento servizi [SEP] La persona chiede aggiornamenti su una richiesta già inoltrata.,Altro
Segnalazione generica [SEP] La persona ha bisogno di supporto per accedere ai servizi digitali.,Altro
Caso non categorizzabile [SEP] La richiesta è di natura informativa e non richiede intervento immediato.,Altro
Richiesta orientamento servizi [SEP] La situazione è urgente ma non rientra nelle categorie consuete.,Altro
Segnalazione generica [SEP] La segnalazione riguarda un disservizio non categorizzabile facilmente.,Altro
Richiesta orientamento servizi [SEP] La segnalazione è stata fatta anche ad altri enti senza risposta.,Altro
Caso non categorizzabile [SEP] La richiesta è stata ricevuta ma non ancora assegnata al servizio competente.,Altro
Caso non categorizzabile [SEP] Non è stato ancora attivato nessun intervento.,Altro
Caso non categorizzabile [SEP] La persona chiede supporto per compilare la documentazione necessaria.,Altro
Caso non categorizzabile [SEP] La richiesta è in fase di valutazione preliminare.,Altro
Segnalazione generica [SEP] La problematica richiede una risposta multisettoriale.,Altro
Caso non categorizzabile [SEP] La persona non è riuscita ad accedere ai servizi per motivi burocratici.,Altro
Caso non categorizzabile [SEP] La richiesta non rientra nelle categorie standard disponibili.,Altro
Segnalazione generica [SEP] Non è stata trovata una soluzione nei canali ordinari.,Altro
Segnalazione generica [SEP] La richiesta riguarda un caso non previsto dalla normativa attuale.,Altro
Caso non categorizzabile [SEP] La persona non è riuscita ad accedere ai servizi per motivi burocratici.,Altro
Richiesta orientamento servizi [SEP] La segnalazione richiede un approfondimento prima dell'inserimento in categoria.,Altro
Richiesta orientamento servizi [SEP] Il problema è noto ma non è stato ancora trovato un ente competente.,Altro
Segnalazione generica [SEP] La persona chiede assistenza per formulare correttamente la propria richiesta.,Altro
Richiesta orientamento servizi [SEP] La persona ha ricevuto informazioni contrastanti da enti diversi.,Altro
Segnalazione generica [SEP] Non è stata trovata una soluzione nei canali ordinari.,Altro
Richiesta orientamento servizi [SEP] Non è presente documentazione a supporto della segnalazione.,Altro
Segnalazione generica [SEP] Non è chiaro a quale servizio rivolgersi per questa problematica.,Altro
Segnalazione generica [SEP] La richiesta richiede ulteriori informazioni per essere processata.,Altro
Segnalazione generica [SEP] La richiesta non ha trovato risposta adeguata nei servizi esistenti.,Altro
Caso non categorizzabile [SEP] La situazione è complessa e coinvolge più ambiti di intervento.,Altro
Segnalazione generica [SEP] La richiesta è stata ricevuta ma non ancora assegnata al servizio competente.,Altro
Richiesta orientamento servizi [SEP] Non si conosce l'ente competente per gestire questa problematica.,Altro
Richiesta orientamento servizi [SEP] La richiesta è di natura informativa e non richiede intervento immediato.,Altro
Richiesta orientamento servizi [SEP] Non esiste un protocollo specifico per la gestione di questo tipo di caso.,Altro
Richiesta orientamento servizi [SEP] La richiesta richiede ulteriori informazioni per essere processata.,Altro
Caso non categorizzabile [SEP] Il problema non rientra nella competenza di un singolo servizio.,Altro
Caso non categorizzabile [SEP] La situazione richiede un coordinamento tra servizi che non è ancora avvenuto.,Altro
Caso non categorizzabile [SEP] La situazione è nuova e non prevista dal sistema di segnalazione.,Altro
Segnalazione generica [SEP] La persona ha difficoltà a descrivere il problema in modo preciso.,Altro
Caso non categorizzabile [SEP] La persona ha bisogno di supporto per accedere ai servizi digitali.,Altro
Segnalazione generica [SEP] La persona chiede assistenza per formulare correttamente la propria richiesta.,Altro
Caso non categorizzabile [SEP] Non esiste un protocollo specifico per la gestione di questo tipo di caso.,Altro
Segnalazione generica [SEP] La richiesta richiede ulteriori informazioni per essere processata.,Altro
Richiesta orientamento servizi [SEP] Non è stata ricevuta alcuna comunicazione dopo l'invio della segnalazione.,Altro
Segnalazione generica [SEP] La segnalazione riguarda un disservizio non categorizzabile facilmente.,Altro
Richiesta orientamento servizi [SEP] Non è presente nel territorio un servizio adeguato al bisogno espresso.,Altro
Segnalazione generica [SEP] La persona chiede informazioni generali sui propri diritti.,Altro
Caso non categorizzabile [SEP] La situazione è urgente ma non rientra nelle categorie consuete.,Altro
Segnalazione generica [SEP] La persona chiede aggiornamenti su una richiesta già inoltrata.,Altro
Caso non categorizzabile [SEP] La richiesta è stata inviata al servizio sbagliato per errore.,Altro
Caso non categorizzabile [SEP] Non è stata identificata la categoria di appartenenza del problema.,Altro
Segnalazione generica [SEP] Non è chiaro se il problema rientri nella competenza comunale o regionale.,Altro
Segnalazione generica [SEP] Non è stata trovata una soluzione nei canali ordinari.,Altro
Caso non categorizzabile [SEP] La persona chiede aggiornamenti su una richiesta già inoltrata.,Altro
Caso non categorizzabile [SEP] La problematica richiede una risposta multisettoriale.,Altro
Richiesta orientamento servizi [SEP] La richiesta non ha trovato risposta adeguata nei servizi esistenti.,Altro
Caso non categorizzabile [SEP] La persona ha ricevuto informazioni contrastanti da enti diversi.,Altro
Richiesta orientamento servizi [SEP] La situazione è urgente ma non rientra nelle categorie consuete.,Altro
Richiesta orientamento servizi [SEP] La situazione è complessa e coinvolge più ambiti di intervento.,Altro
Richiesta orientamento servizi [SEP] Il servizio competente non è stato individuato dall'utente.,Altro
Caso non categorizzabile [SEP] La richiesta non ha trovato risposta adeguata nei servizi esistenti.,Altro
Segnalazione generica [SEP] La situazione richiede un coordinamento tra servizi che non è ancora avvenuto.,Altro
Richiesta orientamento servizi [SEP] È necessaria una consulenza generica prima di attivare un servizio specifico.,Altro
Caso non categorizzabile [SEP] Non è chiaro se il problema rientri nella competenza comunale o regionale.,Altro
Caso non categorizzabile [SEP] La persona non è riuscita ad accedere ai servizi per motivi burocratici.,Altro
Segnalazione generica [SEP] La persona ha ricevuto informazioni contrastanti da enti diversi.,Altro
Richiesta orientamento servizi [SEP] La persona è in lista d'attesa per un servizio non categorizzato.,Altro
Caso non categorizzabile [SEP] La persona chiede informazioni generali sui propri diritti.,Altro
Segnalazione generica [SEP] Il servizio competente non è stato individuato dall'utente.,Altro
Caso non categorizzabile [SEP] La persona è in lista d'attesa per un servizio non categorizzato.,Altro
Segnalazione generica [SEP] Il servizio competente non è stato individuato dall'utente.,Altro
Segnalazione generica [SEP] La situazione richiede un coordinamento tra servizi che non è ancora avvenuto.,Altro
Segnalazione generica [SEP] La persona chiede informazioni generali sui propri diritti.,Altro
Richiesta orientamento servizi [SEP] La persona ha bisogno di supporto per accedere ai servizi digitali.,Altro
Richiesta orientamento servizi [SEP] Non esiste un protocollo specifico per la gestione di questo tipo di caso.,Altro
Caso non categorizzabile [SEP] La persona è in lista d'attesa per un servizio non categorizzato.,Altro
Richiesta orientamento servizi [SEP] Il problema è noto ma non è stato ancora trovato un ente competente.,Altro
